,YR,RANK,TEAM,GP,W,L,W_per,PTS,FGM,FGA,FG_per,TPM,TPA,TP_per,FTM,FTA,FT_per,OREB,DREB,REB,AST,TOV,STL,BLK,BLKA,PF,PFD,PM
0,2000-01,1,San Antonio Spurs,82,58,24,.707,96.2,35.2,76.4,46.1,5.4,13.3,40.7,20.4,28.5,71.5,11.0,33.1,44.1,21.7,14.0,6.9,7.0,5.2,18.9,0.0,7.8
1,2000-01,2,Los Angeles Lakers,82,56,26,.683,100.6,37.9,81.5,46.5,5.4,15.5,34.4,19.4,28.5,68.3,13.2,31.5,44.7,23.0,14.4,6.9,6.0,4.0,22.8,0.1,3.4
2,2000-01,2,Philadelphia 76ers,82,56,26,.683,94.7,35.4,79.1,44.7,3.2,9.8,32.6,20.7,27.8,74.5,13.1,31.7,44.8,20.6,15.8,8.4,5.0,5.6,20.4,0.0,4.3
3,2000-01,4,Sacramento Kings,82,55,27,.671,101.7,38.2,85.0,44.9,5.8,16.5,35.4,19.5,25.3,77.1,12.0,33.0,45.0,22.6,14.9,9.7,5.3,5.8,19.5,0.0,5.8
4,2000-01,5,Dallas Mavericks,82,53,29,.646,100.5,37.6,81.9,45.9,6.3,16.5,38.1,18.9,23.8,79.4,10.1,31.4,41.5,21.2,13.9,7.5,6.0,4.6,23.3,0.1,4.3
5,2000-01,5,Utah Jazz,82,53,29,.646,97.1,36.1,76.7,47.1,4.0,10.4,38.1,20.9,27.8,75.2,11.5,29.1,40.6,25.7,15.8,8.1,5.6,5.5,25.7,0.1,4.7
6,2000-01,7,Milwaukee Bucks,82,52,30,.634,100.7,38.0,82.9,45.8,6.9,18.1,37.9,18.0,22.9,78.7,11.9,30.5,42.4,22.5,13.7,8.2,4.7,4.3,23.5,0.1,3.9
7,2000-01,8,Phoenix Suns,82,51,31,.622,94.0,35.9,82.4,43.6,4.0,12.9,31.5,18.2,24.1,75.5,11.8,30.8,42.7,23.2,15.3,9.5,5.2,5.1,22.7,0.1,2.2
8,2000-01,9,Miami Heat,82,50,32,.610,88.9,32.9,76.3,43.0,5.8,16.9,34.5,17.4,22.9,75.9,9.9,29.7,39.6,19.9,13.7,7.7,3.7,5.2,21.0,0.1,2.3
9,2000-01,9,Portland Trail Blazers,82,50,32,.610,95.4,36.6,78.3,46.8,4.5,12.9,34.9,17.6,23.2,76.2,11.7,30.3,42.0,23.9,15.3,8.2,5.1,4.0,21.3,0.1,4.2
10,2000-01,11,New York Knicks,82,48,34,.585,88.7,33.6,75.6,44.4,4.8,13.6,35.1,16.8,21.1,79.6,9.4,30.8,40.2,18.5,14.5,6.6,4.2,4.1,22.7,0.1,2.6
11,2000-01,12,Minnesota Timberwolves,82,47,35,.573,97.3,38.4,83.8,45.8,3.9,11.0,35.7,16.6,21.2,78.5,12.2,30.1,42.3,25.4,13.9,8.3,5.6,4.4,23.2,0.1,1.4
12,2000-01,12,Toronto Raptors,82,47,35,.573,97.6,37.2,85.0,43.7,5.2,14.2,36.9,18.1,24.2,74.7,13.6,30.8,44.5,24.4,13.2,7.3,6.3,5.4,21.3,0.1,2.3
13,2000-01,14,Charlotte Hornets,82,46,36,.561,91.9,34.1,79.3,43.1,4.1,12.0,34.6,19.5,26.2,74.5,12.6,31.8,44.4,23.2,14.4,8.1,5.5,4.6,21.4,0.1,2.1
14,2000-01,15,Houston Rockets,82,45,37,.549,97.2,35.9,79.2,45.3,6.1,17.2,35.7,19.3,25.4,75.8,11.2,30.8,42.0,19.7,14.7,7.2,4.4,4.9,20.2,0.0,2.3
15,2000-01,16,Seattle SuperSonics,82,44,38,.537,97.3,36.9,81.1,45.6,5.7,14.3,39.9,17.7,24.2,73.2,12.2,29.5,41.7,21.9,15.3,8.0,5.0,6.2,21.1,0.1,0.0
16,2000-01,17,Orlando Magic,82,43,39,.524,97.5,36.7,83.8,43.8,6.0,16.4,36.4,18.0,25.2,71.4,13.0,29.9,42.9,22.0,15.2,8.2,5.9,5.4,25.3,0.1,1.0
17,2000-01,18,Indiana Pacers,82,41,41,.500,92.6,34.5,78.4,44.0,4.8,14.1,34.2,18.8,24.5,76.6,11.2,31.6,42.9,21.5,15.2,6.9,5.9,4.7,23.5,0.1,-0.2
18,2000-01,19,Denver Nuggets,82,40,42,.488,96.6,36.3,83.9,43.3,6.2,17.6,35.5,17.7,24.0,73.7,12.7,31.5,44.2,24.0,13.9,6.7,6.6,6.1,22.2,0.0,-2.5
19,2000-01,20,Boston Celtics,82,36,46,.439,94.6,33.8,79.1,42.8,7.2,19.9,36.3,19.8,26.7,74.0,10.9,28.9,39.8,20.8,15.7,9.4,4.1,5.4,23.8,0.0,-2.1
20,2000-01,21,Detroit Pistons,82,32,50,.390,95.6,35.6,83.9,42.4,4.7,13.6,35.0,19.6,27.2,72.1,13.5,32.0,45.5,19.9,15.9,7.5,5.5,4.8,23.8,0.1,-1.7
21,2000-01,22,Los Angeles Clippers,82,31,51,.378,92.5,35.3,78.9,44.8,4.4,13.0,33.9,17.4,25.1,69.3,11.7,31.2,42.9,19.3,15.8,6.0,6.3,5.0,21.6,0.0,-2.9
22,2000-01,23,Cleveland Cavaliers,82,30,52,.366,92.2,35.2,79.7,44.2,2.7,8.0,33.4,19.0,24.9,76.5,12.4,29.8,42.1,20.8,16.5,7.8,5.3,6.6,23.2,0.1,-4.2
23,2000-01,24,New Jersey Nets,82,26,56,.317,92.1,33.9,79.9,42.5,4.4,13.2,33.3,19.9,26.2,75.9,11.1,28.5,39.6,19.5,14.7,7.9,5.0,6.4,24.2,0.0,-5.0
24,2000-01,25,Atlanta Hawks,82,25,57,.305,91.0,35.1,81.3,43.1,4.1,11.4,35.7,16.8,22.1,75.9,12.5,30.4,42.9,19.0,16.7,7.7,4.7,6.3,22.7,0.1,-5.2
25,2000-01,26,Vancouver Grizzlies,82,23,59,.280,91.7,35.0,79.7,43.9,4.0,11.5,34.3,17.8,23.1,77.0,10.9,29.6,40.5,23.2,15.7,7.1,4.4,5.8,21.1,0.1,-5.7
26,2000-01,27,Washington Wizards,82,19,63,.232,93.2,34.5,78.7,43.9,3.4,10.3,32.4,20.8,27.4,75.9,12.4,28.9,41.3,20.1,17.0,7.7,4.7,6.2,23.3,0.1,-6.7
27,2000-01,28,Golden State Warriors,82,17,65,.207,92.5,35.8,87.5,40.9,3.4,11.8,29.3,17.4,24.7,70.6,16.4,29.1,45.5,21.8,15.9,9.0,5.0,6.0,21.1,0.1,-9.0
28,2000-01,29,Chicago Bulls,82,15,67,.183,87.6,33.2,78.2,42.4,4.0,11.6,34.6,17.2,23.3,73.9,11.3,27.6,38.9,22.1,15.8,8.2,4.6,5.2,23.2,0.0,-9.1
29,2001-02,1,Sacramento Kings,82,61,21,.744,104.6,39.8,85.4,46.7,5.2,14.1,36.7,19.7,26.3,75.1,12.4,33.0,45.3,23.9,13.8,9.0,4.6,4.7,19.0,0.1,7.6
30,2001-02,2,Los Angeles Lakers,82,58,24,.707,101.3,38.4,83.4,46.1,6.2,17.5,35.4,18.2,26.1,69.9,12.5,31.8,44.3,23.0,12.7,7.6,5.8,4.3,22.2,0.1,7.1
31,2001-02,2,San Antonio Spurs,82,58,24,.707,96.7,35.5,77.6,45.8,5.3,14.8,36.2,20.3,27.4,74.2,11.1,31.3,42.4,20.0,14.4,7.6,6.5,5.2,19.2,0.1,6.2
32,2001-02,4,Dallas Mavericks,82,57,25,.695,105.2,39.0,84.5,46.2,7.6,20.1,37.8,19.6,24.3,80.6,11.2,31.3,42.5,22.1,12.1,7.1,4.8,4.6,22.5,0.1,4.3
33,2001-02,5,New Jersey Nets,82,52,30,.634,96.2,37.1,83.1,44.6,4.9,14.6,33.8,17.1,23.3,73.5,12.7,30.7,43.3,24.3,14.5,8.7,6.0,5.4,21.1,0.1,4.2
34,2001-02,6,Detroit Pistons,82,50,32,.610,94.3,34.7,76.8,45.2,6.9,18.4,37.6,18.0,23.8,75.6,9.9,28.9,38.7,21.5,14.5,7.9,6.9,4.1,20.7,0.1,2.1
35,2001-02,6,Minnesota Timberwolves,82,50,32,.610,99.3,38.7,84.0,46.1,4.8,12.8,37.8,17.1,21.4,79.8,12.9,31.2,44.2,24.3,13.4,6.4,5.2,5.0,21.2,0.1,3.4
36,2001-02,8,Boston Celtics,82,49,33,.598,96.4,34.8,82.1,42.4,8.5,23.7,35.9,18.3,23.9,76.4,10.9,31.3,42.2,21.0,13.6,9.7,3.6,5.8,21.7,0.0,2.2
37,2001-02,8,Portland Trail Blazers,82,49,33,.598,96.6,36.6,81.4,45.0,5.7,16.1,35.4,17.7,23.2,76.3,13.2,29.8,43.0,23.5,14.3,8.6,4.5,5.0,19.7,0.1,3.0
38,2001-02,10,Seattle SuperSonics,82,45,37,.549,97.7,38.2,81.5,46.9,6.0,15.8,37.8,15.4,20.4,75.5,11.8,28.5,40.3,23.5,13.7,8.5,4.4,4.9,21.1,0.1,3.0
39,2001-02,11,Charlotte Hornets,82,44,38,.537,93.9,35.3,80.2,44.0,4.2,12.1,34.8,19.1,25.7,74.5,12.9,30.5,43.5,21.5,14.0,8.0,5.6,5.1,21.3,0.2,1.0
40,2001-02,11,Orlando Magic,82,44,38,.537,100.5,37.6,84.0,44.8,7.6,20.2,37.3,17.6,23.4,75.4,11.5,29.7,41.2,22.0,13.6,8.1,4.7,4.7,20.7,0.1,1.6
41,2001-02,11,Utah Jazz,82,44,38,.537,96.0,35.0,77.7,45.0,3.4,10.3,33.3,22.6,29.6,76.3,13.5,28.6,42.2,24.4,16.5,9.1,6.4,6.7,24.0,0.1,0.9
42,2001-02,14,Philadelphia 76ers,82,43,39,.524,91.0,34.2,78.5,43.6,2.6,8.7,29.9,20.0,25.7,77.9,13.3,30.9,44.2,20.0,15.3,8.6,4.4,5.6,20.1,0.2,1.6
43,2001-02,15,Indiana Pacers,82,42,40,.512,96.8,35.8,80.2,44.6,4.9,14.6,33.9,20.3,26.3,77.2,11.3,31.3,42.7,23.0,15.2,8.0,5.3,5.7,22.9,0.2,0.3
44,2001-02,15,Toronto Raptors,82,42,40,.512,91.4,35.6,82.0,43.4,4.7,13.5,34.9,15.5,20.9,73.9,13.6,28.5,42.1,21.7,14.3,8.4,5.6,4.8,21.6,0.1,-0.4
45,2001-02,17,Milwaukee Bucks,82,41,41,.500,97.5,37.1,80.2,46.2,7.2,19.3,37.5,16.1,21.5,74.8,10.3,31.2,41.4,22.5,14.1,7.3,4.7,4.4,21.8,0.1,-0.2
46,2001-02,18,Los Angeles Clippers,82,39,43,.476,95.7,36.2,81.3,44.5,5.0,14.0,35.6,18.3,24.7,73.9,13.2,30.2,43.4,20.9,14.8,6.2,6.6,5.4,19.8,0.1,-0.5
47,2001-02,19,Washington Wizards,82,37,45,.451,92.8,35.8,81.3,44.1,3.7,9.6,38.8,17.4,22.8,76.5,12.9,29.2,42.0,20.9,13.0,7.0,4.3,5.0,21.5,0.1,-1.4
48,2001-02,20,Miami Heat,82,36,46,.439,87.2,34.2,77.8,43.9,3.8,11.0,34.7,15.1,20.8,72.4,11.0,31.0,42.0,20.3,14.8,6.7,5.5,4.3,22.5,0.2,-1.5
49,2001-02,20,Phoenix Suns,82,36,46,.439,95.1,37.8,84.6,44.7,4.4,13.4,32.7,15.2,19.9,76.7,13.1,29.6,42.7,22.4,14.7,8.1,4.9,5.8,21.8,0.1,-0.7
50,2001-02,22,Atlanta Hawks,82,33,49,.402,94.0,35.4,80.6,43.9,5.2,14.6,35.4,18.1,23.7,76.5,11.6,29.8,41.5,20.2,15.5,8.1,4.3,6.2,20.8,0.1,-4.2
51,2001-02,23,New York Knicks,82,30,52,.366,91.6,34.4,79.5,43.2,5.8,16.4,35.3,17.1,21.8,78.7,10.7,30.0,40.7,21.0,14.5,6.8,3.5,4.7,22.0,0.2,-4.0
52,2001-02,24,Cleveland Cavaliers,82,29,53,.354,95.3,36.0,80.3,44.8,4.7,12.5,37.7,18.6,24.1,77.2,11.8,30.3,42.1,23.1,14.6,7.0,5.7,5.6,21.4,0.1,-3.3
53,2001-02,25,Houston Rockets,82,28,54,.341,92.3,34.6,80.8,42.8,6.0,18.0,33.5,17.1,23.1,74.1,12.5,29.4,41.9,18.1,14.1,6.5,5.4,5.1,18.0,0.1,-4.9
54,2001-02,26,Denver Nuggets,82,27,55,.329,92.2,35.5,83.8,42.4,5.2,15.7,32.9,15.9,21.4,74.4,13.6,28.2,41.8,22.2,14.7,7.5,5.6,6.8,22.8,0.1,-5.8
55,2001-02,27,Memphis Grizzlies,82,23,59,.280,89.9,34.8,79.7,43.6,4.1,13.4,30.7,16.3,23.0,70.8,12.0,29.4,41.4,21.8,16.4,7.9,6.0,5.6,19.2,0.1,-7.4
56,2001-02,28,Chicago Bulls,82,21,61,.256,89.5,34.3,79.2,43.3,3.7,10.6,34.6,17.2,23.9,72.2,11.3,28.8,40.0,22.2,15.3,7.7,4.4,4.9,22.4,0.2,-8.5
57,2001-02,28,Golden State Warriors,82,21,61,.256,97.7,36.6,85.2,42.9,3.9,12.1,32.2,20.6,28.6,72.2,16.3,30.4,46.7,20.8,16.8,7.9,6.4,6.3,23.0,0.2,-5.4
58,2002-03,1,Dallas Mavericks,82,60,22,.732,103.0,38.5,85.1,45.3,7.8,20.3,38.1,18.1,21.9,82.9,11.1,31.0,42.1,22.4,11.6,8.1,5.5,3.9,21.1,0.1,7.8
59,2002-03,1,San Antonio Spurs,82,60,22,.732,95.8,35.5,76.8,46.2,5.5,15.5,35.4,19.4,26.8,72.5,11.5,31.2,42.6,20.0,15.8,7.7,6.5,5.1,20.4,0.0,5.4
60,2002-03,3,Sacramento Kings,82,59,23,.720,101.7,39.5,85.2,46.4,6.0,15.7,38.1,16.7,22.3,74.6,11.0,33.5,44.5,24.8,14.5,9.0,5.6,4.3,20.3,0.0,6.5
61,2002-03,4,Minnesota Timberwolves,82,51,31,.622,98.1,38.7,83.0,46.6,3.6,9.8,36.8,17.1,22.3,77.0,11.7,31.9,43.6,25.2,13.7,6.7,5.3,4.9,20.8,0.0,2.1
62,2002-03,5,Detroit Pistons,82,50,32,.610,91.4,32.9,76.5,43.0,6.5,18.1,35.8,19.0,24.6,77.1,10.8,29.8,40.6,19.8,13.5,6.8,5.7,4.3,21.3,0.2,3.7
63,2002-03,5,Los Angeles Lakers,82,50,32,.610,100.4,37.7,83.6,45.1,5.9,16.7,35.6,19.0,26.0,73.4,13.1,31.1,44.3,23.3,14.5,7.8,5.7,3.8,22.9,0.1,2.3
64,2002-03,5,Portland Trail Blazers,82,50,32,.610,95.2,36.4,79.2,46.0,4.6,14.0,33.0,17.7,23.7,74.5,12.1,29.0,41.1,22.7,15.2,8.8,3.9,4.8,19.9,0.1,2.6
65,2002-03,8,New Jersey Nets,82,49,33,.598,95.4,35.4,80.3,44.1,4.2,12.7,33.2,20.3,26.8,75.7,12.1,30.8,42.9,23.0,14.8,8.7,4.6,5.2,21.6,0.1,5.2
66,2002-03,9,Indiana Pacers,82,48,34,.585,96.8,35.5,80.6,44.1,4.6,13.6,33.9,21.2,27.7,76.6,12.2,32.0,44.2,23.3,14.8,8.5,5.4,6.3,22.1,0.1,3.5
67,2002-03,9,Philadelphia 76ers,82,48,34,.585,96.8,36.3,81.0,44.8,3.0,9.6,31.1,21.3,27.5,77.5,12.7,29.5,42.2,21.6,14.8,10.3,3.5,6.4,22.0,0.1,2.3
68,2002-03,11,New Orleans Hornets,82,47,35,.573,93.9,35.5,81.6,43.5,4.9,13.1,37.6,17.9,23.3,76.8,13.4,30.2,43.6,22.0,14.8,8.0,4.8,5.2,21.6,0.1,2.1
69,2002-03,11,Utah Jazz,82,47,35,.573,94.7,35.3,75.5,46.8,2.7,7.8,34.9,21.3,28.6,74.5,12.5,29.0,41.5,25.6,16.8,8.6,5.7,5.2,22.4,0.1,2.4
70,2002-03,13,Boston Celtics,82,44,38,.537,92.7,32.9,79.4,41.5,8.8,26.3,33.4,18.0,24.3,74.2,10.4,30.1,40.5,19.2,14.0,8.8,3.7,4.5,21.4,0.0,-0.4
71,2002-03,13,Phoenix Suns,82,44,38,.537,95.5,36.6,82.6,44.3,4.8,14.0,34.3,17.4,23.5,74.2,12.8,29.8,42.5,21.0,14.7,8.1,4.9,5.5,22.0,0.1,1.1
72,2002-03,15,Houston Rockets,82,43,39,.524,93.8,34.6,78.8,44.0,5.4,15.5,34.6,19.1,24.9,76.8,12.5,31.3,43.8,18.4,15.6,7.2,6.0,4.6,19.5,0.1,1.5
73,2002-03,16,Milwaukee Bucks,82,42,40,.512,99.5,37.1,81.3,45.7,7.1,18.6,38.3,18.1,23.3,77.6,10.7,28.9,39.5,22.2,12.7,7.6,4.2,4.1,22.2,0.1,0.2
74,2002-03,16,Orlando Magic,82,42,40,.512,98.5,35.9,82.5,43.6,6.9,19.4,35.7,19.7,25.4,77.7,11.7,29.2,40.9,20.4,14.4,8.5,3.7,5.0,23.0,0.1,0.1
75,2002-03,18,Seattle SuperSonics,82,40,42,.488,92.1,35.2,80.5,43.7,5.6,15.7,35.3,16.2,21.7,74.4,11.7,29.1,40.8,21.6,13.2,8.3,3.6,5.0,20.9,0.1,-0.1
76,2002-03,19,Golden State Warriors,82,38,44,.463,102.4,37.3,84.6,44.1,5.2,15.1,34.4,22.6,29.0,77.8,15.7,31.0,46.7,20.9,15.8,7.2,6.2,6.0,21.8,0.0,-1.1
77,2002-03,20,New York Knicks,82,37,45,.451,95.9,36.2,82.0,44.1,7.4,19.3,38.3,16.1,19.8,81.5,10.3,29.0,39.2,22.0,14.0,7.1,3.1,3.8,23.0,0.1,-1.4
78,2002-03,20,Washington Wizards,82,37,45,.451,91.5,34.3,78.0,44.0,3.1,9.9,31.2,19.7,25.3,77.9,11.2,29.2,40.4,19.7,13.4,7.6,4.8,4.4,20.0,0.0,-1.0
79,2002-03,22,Atlanta Hawks,82,35,47,.427,94.1,34.9,78.5,44.4,4.9,13.9,35.2,19.4,24.5,79.3,11.4,31.2,42.6,20.5,16.7,7.5,5.8,5.0,21.7,0.1,-3.6
80,2002-03,23,Chicago Bulls,82,30,52,.366,95.0,36.5,81.9,44.5,4.3,12.2,35.0,17.7,24.6,72.2,12.0,31.0,43.0,21.7,16.9,7.4,5.6,5.0,24.7,0.1,-5.1
81,2002-03,24,Memphis Grizzlies,82,28,54,.341,97.5,37.2,82.2,45.2,5.7,15.6,36.5,17.4,23.6,73.9,11.5,30.1,41.6,23.1,15.4,7.9,6.1,5.2,20.5,0.0,-3.2
82,2002-03,25,Los Angeles Clippers,82,27,55,.329,93.8,34.6,79.1,43.7,4.8,14.4,33.1,19.9,26.5,75.0,12.3,30.0,42.3,19.6,15.7,7.0,5.6,5.1,21.8,0.0,-4.1
83,2002-03,26,Miami Heat,82,25,57,.305,85.6,32.8,79.5,41.2,4.2,13.4,31.6,15.8,20.6,76.5,11.6,30.0,41.6,18.3,14.2,7.2,4.0,5.3,22.6,0.1,-5.0
84,2002-03,27,Toronto Raptors,82,24,58,.293,90.9,34.7,81.3,42.7,5.0,14.5,34.3,16.5,22.9,71.8,12.5,28.7,41.2,19.3,14.4,7.4,4.8,5.0,21.5,0.1,-5.9
85,2002-03,28,Cleveland Cavaliers,82,17,65,.207,91.4,34.8,82.3,42.2,3.6,10.9,32.7,18.3,24.5,74.7,13.6,31.0,44.6,20.9,18.3,7.8,6.4,6.0,22.7,0.1,-9.6
86,2002-03,28,Denver Nuggets,82,17,65,.207,84.2,32.8,79.8,41.1,2.8,10.0,27.8,15.8,22.6,69.9,13.6,28.8,42.4,21.2,18.5,8.7,5.1,6.6,25.1,0.1,-8.3
87,2003-04,1,Indiana Pacers,82,61,21,.744,91.4,33.6,77.1,43.5,5.5,15.6,35.1,18.8,24.6,76.4,11.8,29.9,41.7,21.6,14.4,8.9,5.0,6.2,20.8,0.1,5.8
88,2003-04,2,Minnesota Timberwolves,82,58,24,.707,94.5,37.0,80.1,46.2,4.0,10.9,36.3,16.6,21.3,78.1,10.7,32.3,42.9,23.0,12.7,6.8,5.6,3.6,21.1,0.1,5.5
89,2003-04,3,San Antonio Spurs,82,57,25,.695,91.5,34.7,78.5,44.2,5.0,13.9,35.8,17.2,25.2,68.1,12.5,32.5,45.1,20.4,14.7,8.1,6.5,4.6,20.3,0.0,7.2
90,2003-04,4,Los Angeles Lakers,82,56,26,.683,98.2,36.9,81.4,45.4,4.5,13.6,32.7,19.9,28.7,69.3,12.2,30.9,43.1,23.8,13.8,8.3,4.6,3.8,21.1,0.1,3.9
91,2003-04,5,Sacramento Kings,82,55,27,.671,102.8,37.8,81.8,46.2,7.3,18.3,40.1,19.8,24.9,79.5,10.8,30.4,41.2,26.2,13.9,8.7,4.0,5.0,19.3,0.0,5.0
92,2003-04,6,Detroit Pistons,82,54,28,.659,90.1,33.5,77.0,43.5,4.1,11.8,34.4,19.0,25.3,75.3,12.4,30.4,42.8,20.8,15.1,8.0,7.0,5.0,20.3,0.0,5.8
93,2003-04,7,Dallas Mavericks,82,52,30,.634,105.2,40.5,88.2,45.9,6.2,17.8,34.8,18.0,22.6,79.6,14.3,31.0,45.3,23.9,12.2,8.0,5.3,4.7,19.6,0.0,4.4
94,2003-04,8,Memphis Grizzlies,82,50,32,.610,96.7,36.1,81.2,44.5,5.5,16.0,34.0,19.0,26.1,72.7,12.8,29.0,41.8,23.4,15.0,9.7,6.9,5.6,23.2,0.0,2.4
95,2003-04,9,New Jersey Nets,82,47,35,.573,90.3,34.3,77.7,44.1,4.6,13.7,33.6,17.0,22.6,75.3,10.5,30.2,40.7,24.5,14.7,8.6,3.9,4.6,21.0,0.1,2.5
96,2003-04,10,Houston Rockets,82,45,37,.549,89.8,33.4,75.5,44.2,6.3,17.1,36.6,16.7,21.6,77.3,10.3,32.3,42.6,19.3,16.7,6.8,5.4,4.4,21.5,0.0,1.7
97,2003-04,11,Denver Nuggets,82,43,39,.524,97.2,36.5,82.5,44.3,4.0,12.0,33.6,20.2,26.3,76.7,13.2,29.1,42.3,21.9,15.6,9.1,6.3,5.8,22.0,0.1,1.1
98,2003-04,12,Miami Heat,82,42,40,.512,90.3,33.3,78.3,42.5,5.9,16.5,35.7,17.8,23.4,76.2,11.5,30.0,41.5,19.1,13.9,7.2,3.8,5.4,22.1,0.0,0.5
99,2003-04,12,Utah Jazz,82,42,40,.512,88.7,32.8,75.3,43.6,3.1,9.6,32.1,20.0,26.8,74.6,13.5,27.7,41.2,20.4,16.6,7.1,6.0,6.5,25.6,0.1,-1.2
100,2003-04,14,Milwaukee Bucks,82,41,41,.500,98.0,36.2,81.1,44.7,4.9,14.0,35.0,20.7,26.7,77.5,11.7,30.5,42.2,22.8,13.5,6.8,4.7,5.0,20.3,0.0,1.1
101,2003-04,14,New Orleans Hornets,82,41,41,.500,91.8,33.8,80.5,42.0,6.5,20.3,31.9,17.7,23.6,75.1,13.3,29.5,42.8,20.9,15.0,8.6,4.2,5.2,20.9,0.1,-0.1
102,2003-04,14,Portland Trail Blazers,82,41,41,.500,90.7,35.3,78.9,44.8,4.6,13.4,34.6,15.4,21.1,73.1,12.7,29.0,41.7,21.6,14.8,7.5,5.4,4.8,19.0,0.0,-1.3
103,2003-04,17,New York Knicks,82,39,43,.476,92.0,35.1,79.4,44.2,5.0,13.6,36.4,16.8,21.1,79.3,11.6,31.0,42.6,20.7,15.7,7.4,4.8,4.7,23.1,0.0,-1.5
104,2003-04,18,Golden State Warriors,82,37,45,.451,93.3,35.1,79.4,44.2,5.2,15.6,33.4,17.9,24.7,72.5,12.2,30.9,43.1,20.5,14.8,7.0,4.7,5.1,20.6,0.0,-0.7
105,2003-04,18,Seattle SuperSonics,82,37,45,.451,97.1,35.8,80.4,44.6,8.8,23.6,37.3,16.6,21.7,76.5,11.1,28.3,39.3,21.7,14.5,8.1,4.7,4.7,21.8,0.1,-0.6
106,2003-04,20,Boston Celtics,82,36,46,.439,95.3,34.7,78.2,44.3,6.7,19.5,34.6,19.2,25.5,75.0,10.4,29.8,40.1,20.5,16.2,9.4,4.0,5.0,22.4,0.0,-1.5
107,2003-04,21,Cleveland Cavaliers,82,35,47,.427,92.9,35.6,82.4,43.3,3.0,9.6,31.4,18.6,24.8,75.3,13.6,31.9,45.6,22.0,14.8,7.1,6.5,5.3,21.3,0.0,-2.6
108,2003-04,22,Philadelphia 76ers,82,33,49,.402,88.0,32.7,76.3,42.8,4.1,12.1,34.2,18.4,24.5,75.3,11.5,29.4,40.8,20.0,15.9,8.0,4.4,5.6,20.7,0.0,-2.5
109,2003-04,22,Toronto Raptors,82,33,49,.402,85.4,32.4,77.4,41.8,5.6,15.8,35.6,15.1,20.1,75.0,10.1,29.5,39.6,19.2,14.2,7.4,4.9,4.1,21.3,0.0,-3.0
110,2003-04,24,Phoenix Suns,82,29,53,.354,94.2,36.1,81.4,44.3,5.1,14.7,34.5,17.0,22.7,74.6,11.3,29.3,40.6,19.3,15.2,9.0,4.7,5.3,22.7,0.0,-3.7
111,2003-04,25,Atlanta Hawks,82,28,54,.341,92.8,34.5,79.6,43.3,5.1,15.2,33.5,18.7,24.1,77.6,12.1,30.6,42.7,20.1,16.5,7.6,5.0,5.1,22.3,0.0,-4.6
112,2003-04,25,Los Angeles Clippers,82,28,54,.341,94.8,34.4,80.2,42.8,4.0,12.5,32.1,22.0,28.1,78.5,14.0,29.5,43.5,20.2,16.4,7.2,4.6,5.3,22.1,0.0,-4.6
113,2003-04,27,Washington Wizards,82,25,57,.305,91.8,33.6,80.0,42.1,5.3,15.5,34.2,19.3,27.0,71.4,13.6,29.2,42.8,18.7,17.5,8.9,5.0,5.5,20.9,0.0,-5.6
114,2003-04,28,Chicago Bulls,82,23,59,.280,89.7,34.1,82.4,41.4,5.2,15.3,34.2,16.2,22.4,72.5,12.8,30.7,43.5,21.9,16.1,8.0,4.8,5.4,23.3,0.0,-6.4
115,2003-04,29,Orlando Magic,82,21,61,.256,94.0,35.4,82.5,42.9,5.2,15.2,34.4,18.0,24.4,73.7,12.2,28.7,40.9,19.3,13.7,6.7,3.8,5.5,21.3,0.0,-7.0
116,2004-05,1,Phoenix Suns,82,62,20,.756,110.4,40.9,85.6,47.7,9.7,24.7,39.3,19.0,25.4,74.8,11.8,32.3,44.1,23.5,13.7,7.0,5.5,4.2,19.1,0.0,7.1
117,2004-05,2,Miami Heat,82,59,23,.720,101.5,37.8,77.7,48.6,5.8,15.4,37.7,20.2,30.1,67.2,10.8,32.2,43.0,21.8,13.7,6.4,5.8,3.2,22.1,0.0,6.5
118,2004-05,2,San Antonio Spurs,82,59,23,.720,96.2,35.6,78.7,45.3,6.2,17.0,36.3,18.7,25.9,72.4,12.0,30.4,42.4,21.6,13.7,7.5,6.6,5.1,20.9,0.0,7.8
119,2004-05,4,Dallas Mavericks,82,58,24,.707,102.5,37.3,81.6,45.7,5.6,15.5,36.4,22.3,28.2,78.9,12.1,30.9,42.9,19.6,13.4,8.6,5.6,4.9,22.3,0.0,5.7
120,2004-05,5,Detroit Pistons,82,54,28,.659,93.3,34.8,78.3,44.4,4.4,12.8,34.5,19.4,26.2,73.9,12.9,30.6,43.4,21.8,13.8,7.0,6.1,4.5,20.0,0.0,3.9
121,2004-05,6,Seattle SuperSonics,82,52,30,.634,98.9,35.1,79.2,44.4,8.1,22.2,36.5,20.5,26.0,79.0,12.7,28.2,40.9,18.1,13.6,6.7,4.1,4.8,23.7,0.1,2.3
122,2004-05,7,Houston Rockets,82,51,31,.622,95.1,34.7,78.3,44.3,6.7,18.5,36.4,18.9,24.2,78.1,10.7,31.7,42.4,21.1,13.8,6.9,4.6,4.1,22.0,0.0,4.0
123,2004-05,8,Sacramento Kings,82,50,32,.610,103.7,39.1,85.1,45.9,6.4,17.0,37.4,19.2,24.4,78.7,12.5,29.9,42.4,24.5,13.1,8.2,3.9,4.5,20.5,0.0,2.2
124,2004-05,9,Denver Nuggets,82,49,33,.598,99.5,37.0,80.7,45.9,3.9,11.5,34.0,21.5,28.2,76.3,11.8,30.2,42.0,23.9,14.9,9.1,6.0,5.6,22.9,0.1,2.0
125,2004-05,10,Chicago Bulls,82,47,35,.573,94.5,34.7,80.4,43.2,6.2,17.5,35.7,18.7,25.0,75.0,12.2,31.6,43.8,21.3,16.7,7.0,4.5,5.3,24.7,0.1,1.1
126,2004-05,11,Boston Celtics,82,45,37,.549,101.3,37.1,79.4,46.8,5.3,15.3,34.9,21.6,28.3,76.4,11.1,29.7,40.8,22.1,15.8,8.1,5.2,4.9,24.4,0.0,0.9
127,2004-05,11,Memphis Grizzlies,82,45,37,.549,93.4,34.2,76.5,44.7,6.5,18.1,35.7,18.6,24.7,75.4,10.8,28.1,39.0,20.9,14.6,8.5,5.8,5.8,23.3,0.0,2.3
128,2004-05,11,Washington Wizards,82,45,37,.549,100.5,36.2,82.9,43.7,6.3,18.3,34.3,21.9,30.2,72.5,13.8,29.0,42.8,19.1,14.3,8.7,4.2,5.0,22.0,0.0,-0.3
129,2004-05,14,Indiana Pacers,82,44,38,.537,93.0,32.5,75.2,43.2,6.6,19.2,34.4,21.3,26.9,79.2,10.6,29.5,40.1,18.2,14.3,7.5,4.4,4.9,23.0,0.1,0.8
130,2004-05,14,Minnesota Timberwolves,82,44,38,.537,96.8,37.1,80.8,45.9,4.8,14.0,34.5,17.7,22.2,79.6,11.5,31.5,43.0,23.4,13.2,5.6,5.5,3.9,21.6,0.0,1.5
131,2004-05,16,Philadelphia 76ers,82,43,39,.524,99.1,35.9,82.1,43.7,6.2,17.7,34.8,21.1,26.8,78.9,11.1,30.9,42.0,20.9,15.5,9.2,3.9,4.7,22.9,0.0,-0.7
132,2004-05,17,Cleveland Cavaliers,82,42,40,.512,96.5,36.5,81.5,44.7,3.7,11.0,33.2,19.9,26.5,75.2,13.6,28.7,42.3,22.6,13.9,8.0,5.6,5.1,22.6,0.0,0.8
133,2004-05,17,New Jersey Nets,82,42,40,.512,91.4,33.6,78.3,42.9,5.3,14.7,36.2,19.0,24.9,76.3,10.4,29.1,39.5,21.6,14.2,7.9,3.8,4.9,24.2,0.0,-1.5
134,2004-05,19,Los Angeles Clippers,82,37,45,.451,95.7,35.7,77.7,45.9,2.8,8.2,34.5,21.6,27.7,77.8,12.0,29.9,41.9,23.2,15.7,7.3,5.1,4.8,22.2,0.0,-0.8
135,2004-05,20,Orlando Magic,82,36,46,.439,99.5,37.0,81.5,45.4,3.9,11.2,34.9,21.6,28.5,75.9,12.7,31.0,43.7,19.3,16.1,7.7,5.4,4.3,23.6,0.0,-2.2
136,2004-05,21,Golden State Warriors,82,34,48,.415,98.7,36.9,85.8,43.0,7.6,21.6,35.2,17.2,23.8,72.2,13.0,29.7,42.7,22.1,13.6,7.8,5.1,5.1,22.4,0.0,-2.2
137,2004-05,21,Los Angeles Lakers,82,34,48,.415,98.7,35.3,80.8,43.7,7.9,22.1,35.5,20.3,26.1,77.7,12.5,30.6,43.2,20.4,14.3,6.2,4.2,5.1,21.9,0.0,-3.0
138,2004-05,23,New York Knicks,82,33,49,.402,97.3,36.3,80.5,45.1,5.4,15.1,35.6,19.3,25.1,76.7,11.8,29.2,41.0,20.3,14.7,7.7,3.2,4.7,23.7,0.1,-2.4
139,2004-05,23,Toronto Raptors,82,33,49,.402,99.7,36.0,81.2,44.4,7.9,20.5,38.5,19.8,25.6,77.4,10.3,29.8,40.1,20.4,13.3,7.6,3.9,4.4,22.9,0.0,-1.6
140,2004-05,25,Milwaukee Bucks,82,30,52,.366,97.2,36.1,80.2,45.0,4.0,11.3,35.1,21.0,27.2,77.2,12.0,29.3,41.3,21.0,13.8,6.5,3.5,4.5,21.9,0.1,-3.0
141,2004-05,26,Portland Trail Blazers,82,27,55,.329,92.9,35.3,78.3,45.1,5.1,14.2,36.2,17.2,23.7,72.5,11.8,29.3,41.1,21.0,16.0,7.1,6.6,5.0,20.8,0.1,-4.0
142,2004-05,27,Utah Jazz,82,26,56,.317,93.0,34.5,76.8,44.9,3.0,9.3,32.8,21.0,27.7,75.7,12.8,27.4,40.1,22.3,15.8,6.6,4.6,5.8,26.7,0.0,-4.3
143,2004-05,28,Charlotte Bobcats,82,18,64,.220,94.3,36.1,83.6,43.2,3.9,10.7,36.3,18.1,25.6,70.9,13.2,28.5,41.7,21.9,14.5,8.5,5.4,5.4,23.1,0.0,-6.0
144,2004-05,28,New Orleans Hornets,82,18,64,.220,88.4,33.1,80.0,41.5,5.1,16.0,31.5,17.1,22.3,76.6,12.4,27.8,40.2,21.0,14.8,6.7,3.8,5.5,23.0,0.0,-7.1
145,2004-05,30,Atlanta Hawks,82,13,69,.159,92.7,35.9,81.4,44.1,3.7,11.9,31.2,17.3,24.3,71.1,13.4,28.5,41.9,19.7,16.1,7.7,4.2,5.9,24.5,0.0,-9.7
146,2005-06,1,Detroit Pistons,82,64,18,.780,96.8,36.4,80.0,45.5,6.8,17.7,38.4,17.3,23.8,72.7,11.9,28.6,40.5,24.0,11.4,7.1,6.0,3.5,18.5,20.9,6.7
147,2005-06,2,San Antonio Spurs,82,63,19,.768,95.6,36.5,77.3,47.2,6.4,16.6,38.5,16.2,23.1,70.2,10.4,31.1,41.5,20.9,13.7,6.6,5.7,4.2,20.9,20.6,6.8
148,2005-06,3,Dallas Mavericks,82,60,22,.732,99.1,36.0,77.7,46.2,5.1,13.6,37.4,22.2,28.3,78.3,12.6,29.6,42.2,18.0,13.6,7.2,6.0,4.9,22.4,23.6,6.1
149,2005-06,4,Phoenix Suns,82,54,28,.659,108.4,41.8,87.4,47.9,10.2,25.6,39.9,14.5,18.0,80.6,9.5,32.3,41.8,26.6,13.3,6.7,5.0,3.4,20.5,19.8,5.5
150,2005-06,5,Miami Heat,82,52,30,.634,99.9,37.1,77.5,47.8,6.1,17.6,34.5,19.7,28.2,70.0,10.5,32.6,43.1,20.6,14.5,6.4,5.4,3.6,22.8,23.6,3.9
151,2005-06,6,Cleveland Cavaliers,82,50,32,.610,97.6,35.5,78.2,45.4,6.1,17.9,33.9,20.6,28.3,72.9,11.7,30.6,42.3,19.0,13.9,6.9,4.8,4.4,21.1,22.5,2.2
152,2005-06,7,Memphis Grizzlies,82,49,33,.598,92.2,33.5,74.7,44.8,7.2,19.2,37.4,18.0,25.3,71.1,10.2,29.0,39.2,19.3,13.8,7.3,5.4,5.6,21.4,22.8,3.7
153,2005-06,7,New Jersey Nets,82,49,33,.598,93.8,33.9,77.0,44.0,5.8,17.6,33.0,20.2,26.7,75.8,10.0,31.0,41.0,23.0,13.6,6.8,3.4,4.0,23.2,23.0,1.4
154,2005-06,9,Los Angeles Clippers,82,47,35,.573,97.2,36.5,78.6,46.5,3.5,10.3,34.4,20.7,26.1,79.1,10.1,33.0,43.1,20.8,14.5,6.5,6.1,4.3,22.8,21.7,1.6
155,2005-06,10,Los Angeles Lakers,82,45,37,.549,99.4,36.5,80.6,45.3,6.7,19.3,34.9,19.7,26.5,74.5,11.8,30.3,42.2,21.1,13.9,7.7,4.3,4.3,23.1,23.5,2.5
156,2005-06,11,Denver Nuggets,82,44,38,.537,100.3,37.5,81.4,46.1,4.3,13.1,32.5,21.0,28.2,74.4,11.0,30.3,41.3,23.4,14.8,8.5,5.6,5.3,22.7,23.3,0.2
157,2005-06,11,Sacramento Kings,82,44,38,.537,98.9,36.0,79.3,45.4,6.0,17.2,35.1,20.8,26.5,78.4,10.4,30.2,40.5,22.3,14.6,7.4,3.6,4.9,20.4,22.8,1.5
158,2005-06,13,Washington Wizards,82,42,40,.512,101.7,36.3,81.2,44.7,6.1,17.0,35.7,23.0,30.4,75.7,12.6,28.6,41.2,18.6,13.9,8.0,4.1,4.2,22.6,25.0,1.9
159,2005-06,14,Chicago Bulls,82,41,41,.500,97.8,36.6,82.2,44.6,6.8,18.0,37.9,17.7,24.0,73.8,11.0,31.7,42.8,22.0,14.9,6.2,4.2,5.1,24.9,23.0,0.6
160,2005-06,14,Indiana Pacers,82,41,41,.500,93.9,34.0,76.5,44.4,6.5,18.7,34.9,19.4,26.3,73.7,11.0,31.2,42.2,19.9,15.3,7.3,5.0,4.9,22.2,22.0,1.9
161,2005-06,14,Utah Jazz,82,41,41,.500,92.4,33.5,75.7,44.2,3.8,11.3,33.6,21.6,30.1,71.9,13.1,29.0,42.1,21.6,15.7,6.4,6.0,5.6,24.8,25.7,-2.6
162,2005-06,17,Milwaukee Bucks,82,40,42,.488,97.8,36.3,80.1,45.3,6.2,16.3,38.0,19.0,25.8,73.8,11.3,29.9,41.2,21.6,14.6,7.3,3.3,5.0,23.2,23.6,-1.0
163,2005-06,18,New Orleans/Oklahoma City Hornets,82,38,44,.463,92.8,34.5,78.4,44.0,3.7,10.8,33.9,20.1,26.5,75.8,11.2,29.0,40.2,18.5,13.4,7.5,3.8,5.3,21.8,23.3,-2.8
164,2005-06,18,Philadelphia 76ers,82,38,44,.463,99.4,36.6,79.8,45.8,4.6,12.6,36.4,21.6,28.4,76.0,10.6,29.6,40.2,20.2,14.1,7.9,4.9,4.7,20.9,23.1,-2.0
165,2005-06,20,Orlando Magic,82,36,46,.439,94.9,35.5,75.2,47.2,3.6,9.7,37.6,20.3,27.8,73.0,10.9,29.3,40.2,18.2,15.1,6.5,4.4,4.7,23.3,23.2,-1.1
166,2005-06,21,Seattle SuperSonics,82,35,47,.427,102.6,37.5,81.8,45.9,7.4,19.9,37.1,20.1,25.7,78.5,12.4,27.2,39.6,20.7,14.7,7.6,3.7,4.9,23.6,22.2,-3.0
167,2005-06,22,Golden State Warriors,82,34,48,.415,98.5,35.8,82.7,43.3,7.6,22.3,34.1,19.2,26.7,71.8,12.0,30.3,42.3,20.7,14.1,7.4,4.3,5.0,23.7,23.4,-1.4
168,2005-06,22,Houston Rockets,82,34,48,.415,90.1,33.0,76.2,43.3,5.7,17.2,33.2,18.3,24.1,75.9,10.4,31.3,41.6,19.3,14.5,7.2,3.9,4.5,22.7,20.9,-1.6
169,2005-06,24,Boston Celtics,82,33,49,.402,98.0,36.0,77.1,46.7,5.7,15.7,36.2,20.3,26.9,75.5,9.9,29.7,39.6,20.9,16.6,7.0,5.1,4.9,24.8,22.4,-1.5
170,2005-06,24,Minnesota Timberwolves,82,33,49,.402,91.7,35.2,77.3,45.6,3.8,11.5,32.9,17.5,23.1,75.8,9.9,29.5,39.4,20.9,14.5,6.8,5.7,4.6,23.0,21.2,-1.9
171,2005-06,26,Toronto Raptors,82,27,55,.329,101.1,36.7,81.0,45.4,7.4,19.8,37.5,20.2,25.5,79.1,10.5,27.9,38.5,19.4,13.1,6.5,3.3,4.4,24.0,22.4,-3.0
172,2005-06,27,Atlanta Hawks,82,26,56,.317,97.2,35.9,79.2,45.4,5.2,14.1,36.7,20.2,26.9,75.0,13.0,27.2,40.3,19.8,15.7,7.2,4.8,5.1,25.0,22.6,-4.8
173,2005-06,27,Charlotte Bobcats,82,26,56,.317,96.9,36.1,83.5,43.3,5.2,15.4,33.9,19.4,26.7,72.9,12.1,27.7,39.8,20.9,14.2,10.0,4.3,5.4,23.9,23.5,-4.0
174,2005-06,29,New York Knicks,82,23,59,.280,95.6,34.4,75.7,45.5,3.9,10.8,36.2,22.9,31.5,72.6,12.6,28.8,41.4,17.9,17.7,6.8,3.3,5.3,26.3,25.0,-6.4
175,2005-06,30,Portland Trail Blazers,82,21,61,.256,88.8,34.0,76.4,44.5,4.4,12.7,34.9,16.3,23.7,68.9,10.8,26.9,37.7,18.2,14.7,6.5,5.3,4.9,22.3,20.8,-9.5
176,2006-07,1,Dallas Mavericks,82,67,15,.817,100.0,36.7,78.6,46.7,6.5,17.1,38.1,20.1,24.9,80.5,11.2,30.7,41.9,19.9,13.9,6.8,5.0,3.8,22.4,22.1,7.2
177,2006-07,2,Phoenix Suns,82,61,21,.744,110.2,41.3,83.6,49.4,9.6,24.0,39.9,18.0,22.3,80.8,9.0,31.5,40.5,25.9,14.5,6.7,4.8,3.7,20.2,21.5,7.3
178,2006-07,3,San Antonio Spurs,82,58,24,.707,98.5,36.6,77.2,47.4,7.3,19.0,38.1,18.1,24.1,75.1,9.3,31.4,40.7,22.1,13.9,7.2,5.1,4.1,19.4,21.2,8.4
179,2006-07,4,Detroit Pistons,82,53,29,.646,96.0,35.9,79.1,45.4,5.5,15.9,34.4,18.8,24.2,77.4,11.6,29.0,40.5,21.6,12.2,7.1,5.8,3.5,20.4,20.3,4.2
180,2006-07,5,Houston Rockets,82,52,30,.634,97.0,35.4,79.6,44.5,8.6,23.1,37.2,17.5,23.2,75.3,10.7,32.6,43.3,20.8,14.2,7.1,4.1,4.3,20.9,19.9,4.9
181,2006-07,6,Utah Jazz,82,51,31,.622,101.5,37.4,78.9,47.4,4.3,12.9,33.5,22.3,30.0,74.3,12.6,30.0,42.5,24.7,15.6,7.0,4.1,5.3,25.2,24.5,2.9
182,2006-07,7,Cleveland Cavaliers,82,50,32,.610,96.8,36.3,81.2,44.7,6.0,17.1,35.2,18.1,26.0,69.6,12.7,30.8,43.5,20.8,14.4,7.6,4.3,4.3,21.7,22.0,3.8
183,2006-07,8,Chicago Bulls,82,49,33,.598,98.8,37.1,81.3,45.7,5.9,15.1,38.8,18.6,25.4,73.4,12.0,31.7,43.7,22.3,16.0,7.8,5.4,5.3,23.3,23.2,5.0
184,2006-07,9,Toronto Raptors,82,47,35,.573,99.5,37.0,79.8,46.3,6.5,17.9,36.3,19.0,24.2,78.8,9.2,30.2,39.5,22.2,13.5,7.1,3.9,3.9,20.4,21.8,1.0
185,2006-07,10,Denver Nuggets,82,45,37,.549,105.4,38.6,83.0,46.5,5.9,17.6,33.6,22.3,29.9,74.6,12.2,31.2,43.4,23.4,16.5,8.3,5.3,5.2,21.4,23.7,1.6
186,2006-07,11,Miami Heat,82,44,38,.537,94.6,35.6,76.7,46.4,6.4,18.8,34.3,17.0,24.6,69.0,10.0,30.8,40.8,20.5,14.6,6.9,5.4,3.8,21.3,21.8,-0.9
187,2006-07,12,Golden State Warriors,82,42,40,.512,106.5,39.8,86.0,46.3,8.5,24.0,35.6,18.5,25.8,71.7,11.5,29.9,41.4,23.8,16.0,9.1,5.7,4.9,23.6,22.3,-0.3
188,2006-07,12,Los Angeles Lakers,82,42,40,.512,103.3,37.8,81.3,46.6,7.4,21.0,35.3,20.2,27.1,74.7,10.8,30.4,41.2,22.6,15.5,7.3,5.1,5.0,23.0,23.4,-0.1
189,2006-07,14,New Jersey Nets,82,41,41,.500,97.6,35.5,77.8,45.7,7.4,20.4,36.3,19.1,26.3,72.7,10.0,30.8,40.8,23.9,14.8,6.1,3.3,4.5,22.8,23.0,-0.8
190,2006-07,14,Washington Wizards,82,41,41,.500,104.3,37.4,83.2,45.0,6.8,19.7,34.8,22.6,29.6,76.5,12.2,29.0,41.2,20.2,13.8,7.7,4.6,4.6,22.2,23.5,-0.5
191,2006-07,16,Los Angeles Clippers,82,40,42,.488,95.6,35.1,77.0,45.6,3.8,11.0,34.8,21.6,27.4,78.8,10.8,30.3,41.1,21.5,15.1,7.3,5.8,3.9,22.7,22.3,-0.5
192,2006-07,16,Orlando Magic,82,40,42,.488,94.8,35.1,74.3,47.2,4.2,11.7,35.6,20.5,29.2,70.2,11.2,29.5,40.7,18.6,17.0,6.9,5.1,4.6,23.2,23.4,0.8
193,2006-07,18,New Orleans/Oklahoma City Hornets,82,39,43,.476,95.5,36.2,81.4,44.5,5.5,15.3,36.2,17.5,23.7,74.0,12.5,30.6,43.1,18.7,14.5,6.4,4.2,4.8,19.8,21.1,-1.6
194,2006-07,19,Indiana Pacers,82,35,47,.427,95.6,35.0,80.0,43.8,5.9,16.9,34.6,19.7,25.9,76.0,12.1,29.8,41.8,20.5,16.3,7.3,5.5,5.0,23.3,23.7,-2.4
195,2006-07,19,Philadelphia 76ers,82,35,47,.427,94.9,35.8,78.1,45.8,3.5,10.0,34.5,20.0,26.0,76.7,11.0,28.7,39.7,20.4,15.3,7.2,4.8,3.9,20.4,22.0,-3.0
196,2006-07,21,Charlotte Bobcats,82,33,49,.402,96.9,36.1,81.0,44.6,5.6,15.6,35.7,19.1,26.0,73.4,11.2,28.6,39.8,22.4,14.9,7.8,4.5,5.3,24.2,21.8,-3.7
197,2006-07,21,New York Knicks,82,33,49,.402,97.5,35.4,77.5,45.7,5.8,16.7,34.6,20.9,29.2,71.5,12.6,30.7,43.3,18.7,17.1,6.6,3.2,5.0,23.6,22.9,-2.9
198,2006-07,21,Sacramento Kings,82,33,49,.402,101.3,35.9,79.7,45.0,6.5,18.5,35.0,23.1,30.2,76.5,9.7,29.2,38.9,20.3,14.6,8.2,3.2,4.9,21.9,24.3,-1.8
199,2006-07,24,Minnesota Timberwolves,82,32,50,.390,96.1,36.5,79.3,46.1,4.7,13.3,35.3,18.3,23.1,79.2,10.0,30.2,40.1,22.5,15.6,6.5,4.0,4.4,21.4,20.5,-3.7
200,2006-07,24,Portland Trail Blazers,82,32,50,.390,94.1,35.0,78.0,45.0,5.2,15.0,34.6,18.8,24.5,76.9,11.3,28.0,39.3,18.5,15.1,6.8,4.6,4.6,23.5,21.3,-4.3
201,2006-07,26,Seattle SuperSonics,82,31,51,.378,99.1,37.2,80.8,46.0,6.4,17.7,36.2,18.4,23.3,79.1,11.3,28.3,39.6,20.7,15.5,7.7,3.7,4.2,22.0,19.9,-2.9
202,2006-07,27,Atlanta Hawks,82,30,52,.366,93.7,34.5,77.7,44.4,4.2,12.7,32.9,20.5,26.9,76.1,11.9,28.2,40.1,19.2,15.9,7.4,5.4,5.1,24.0,22.6,-4.8
203,2006-07,28,Milwaukee Bucks,82,28,54,.341,99.7,38.1,81.9,46.5,6.4,18.0,35.6,17.1,23.4,73.3,11.5,27.7,39.2,21.6,15.1,7.2,2.7,5.3,22.2,21.0,-4.4
204,2006-07,29,Boston Celtics,82,24,58,.293,95.8,34.9,78.7,44.3,5.7,15.6,36.7,20.4,26.6,76.7,11.2,29.2,40.4,19.9,16.5,7.2,4.7,5.5,24.0,21.4,-3.4
205,2006-07,30,Memphis Grizzlies,82,22,60,.268,101.6,36.6,78.6,46.5,6.1,16.6,36.7,22.4,29.4,76.1,10.6,29.0,39.5,20.5,16.4,6.9,5.0,5.5,22.3,24.3,-5.1
206,2007-08,1,Boston Celtics,82,66,16,.805,100.5,36.4,76.7,47.5,7.3,19.1,38.1,20.5,26.5,77.1,10.1,31.9,42.0,22.4,15.2,8.5,4.6,4.7,22.7,22.2,10.3
207,2007-08,2,Detroit Pistons,82,59,23,.720,97.5,36.6,79.9,45.8,5.9,16.2,36.6,18.4,24.0,76.7,11.9,29.5,41.4,22.3,11.7,7.1,5.8,3.9,20.6,19.7,7.4
208,2007-08,3,Los Angeles Lakers,82,57,25,.695,108.6,39.6,83.1,47.6,8.1,21.4,37.8,21.3,27.7,76.9,11.0,33.2,44.1,24.4,14.1,8.0,5.3,4.5,20.6,22.6,7.3
209,2007-08,4,New Orleans Hornets,82,56,26,.683,100.9,38.6,82.9,46.6,7.7,19.8,38.9,16.0,20.8,76.9,11.4,30.4,41.8,21.8,11.9,7.8,3.9,4.0,18.7,19.2,5.3
210,2007-08,4,San Antonio Spurs,82,56,26,.683,95.4,35.8,78.3,45.7,7.2,19.6,36.9,16.5,21.6,76.1,9.4,31.9,41.3,21.0,12.6,6.4,4.1,4.4,18.7,19.8,4.8
211,2007-08,6,Houston Rockets,82,55,27,.671,96.7,36.6,81.7,44.8,7.1,20.8,34.2,16.4,22.5,72.6,12.2,32.4,44.6,21.4,13.7,7.3,5.1,4.6,19.6,19.7,4.7
212,2007-08,6,Phoenix Suns,82,55,27,.671,110.1,41.4,82.7,50.0,8.5,21.5,39.3,18.9,24.1,78.3,8.8,32.7,41.5,26.7,14.4,6.5,6.3,3.8,19.9,21.1,5.0
213,2007-08,8,Utah Jazz,82,54,28,.659,106.2,40.0,80.4,49.7,5.0,13.4,37.2,21.3,28.0,75.9,11.5,29.4,40.9,26.4,14.6,8.7,4.3,5.1,24.0,23.1,6.9
214,2007-08,9,Orlando Magic,82,52,30,.634,104.5,37.3,78.6,47.4,9.8,25.3,38.6,20.1,27.9,72.1,9.4,32.6,42.0,20.8,14.3,6.3,4.1,4.2,20.6,23.1,5.5
215,2007-08,10,Dallas Mavericks,82,51,31,.622,100.4,36.9,79.5,46.4,6.0,17.1,35.2,20.6,25.3,81.4,10.8,32.2,43.0,21.0,12.6,6.0,4.9,4.4,21.8,21.2,4.5
216,2007-08,11,Denver Nuggets,82,50,32,.610,110.7,40.3,85.8,47.0,6.9,19.6,35.5,23.1,30.7,75.1,11.2,32.9,44.1,24.7,14.7,9.2,6.7,4.8,21.1,23.8,3.7
217,2007-08,12,Golden State Warriors,82,48,34,.585,111.0,41.5,90.3,45.9,9.3,26.6,34.8,18.8,24.9,75.2,12.7,30.4,43.2,22.4,13.2,9.1,4.6,5.0,22.9,21.2,2.2
218,2007-08,13,Cleveland Cavaliers,82,45,37,.549,96.4,35.8,81.7,43.9,6.7,18.8,35.8,18.0,25.1,71.7,13.3,31.3,44.6,20.0,14.0,7.1,5.2,4.7,20.9,20.3,-0.4
219,2007-08,14,Washington Wizards,82,43,39,.524,98.8,36.4,81.6,44.6,7.0,19.7,35.6,19.0,24.3,78.2,12.3,29.3,41.6,19.6,13.2,7.7,4.8,4.4,19.6,20.2,-0.3
220,2007-08,15,Portland Trail Blazers,82,41,41,.500,95.4,35.8,79.8,44.8,6.6,17.4,37.7,17.2,22.5,76.7,11.0,29.7,40.7,21.1,12.9,5.5,4.4,3.7,20.0,20.2,-1.0
221,2007-08,15,Toronto Raptors,82,41,41,.500,100.2,38.4,82.0,46.8,7.0,17.8,39.2,16.4,20.2,81.2,9.6,30.4,40.1,23.8,11.7,7.0,4.1,4.1,19.5,18.4,2.9
222,2007-08,17,Philadelphia 76ers,82,40,42,.488,96.6,37.3,81.1,46.0,3.7,11.6,31.7,18.4,26.1,70.6,13.0,28.9,41.9,20.4,14.3,8.7,4.9,5.1,19.8,20.8,0.4
223,2007-08,18,Sacramento Kings,82,38,44,.463,102.5,37.1,80.0,46.4,6.2,16.7,37.3,22.1,27.7,79.8,10.1,30.0,40.1,19.1,16.1,7.9,4.1,5.5,22.4,23.1,-2.3
224,2007-08,19,Atlanta Hawks,82,37,45,.451,98.2,36.3,79.9,45.4,4.7,13.1,35.6,21.0,27.2,77.2,12.3,29.9,42.2,22.0,14.9,7.3,5.5,5.1,20.4,21.9,-1.8
225,2007-08,20,Indiana Pacers,82,36,46,.439,104.0,37.8,85.3,44.4,9.2,24.6,37.4,19.1,24.9,76.8,11.0,32.1,43.1,22.7,15.1,7.6,5.0,5.1,23.4,21.7,-1.4
226,2007-08,21,New Jersey Nets,82,34,48,.415,95.8,34.8,78.7,44.3,6.1,17.4,34.8,20.1,27.3,73.6,11.1,30.7,41.9,23.5,15.0,6.4,4.8,4.4,22.6,22.4,-5.1
227,2007-08,22,Chicago Bulls,82,33,49,.402,97.3,36.4,83.7,43.5,5.8,15.9,36.3,18.7,24.7,75.6,12.8,30.2,43.0,22.1,14.6,7.7,5.2,5.7,21.8,21.3,-3.1
228,2007-08,23,Charlotte Bobcats,82,32,50,.390,97.1,36.1,79.9,45.2,6.5,17.6,36.7,18.4,25.8,71.4,10.9,29.8,40.6,21.3,14.7,7.5,4.9,5.8,21.7,21.0,-4.4
229,2007-08,24,Milwaukee Bucks,82,26,56,.317,97.0,36.9,82.3,44.9,5.5,16.0,34.4,17.7,24.1,73.3,12.9,28.8,41.7,21.5,14.8,6.6,4.4,4.9,21.3,21.1,-6.9
230,2007-08,25,Los Angeles Clippers,82,23,59,.280,93.8,34.4,78.6,43.8,4.3,13.2,32.4,20.8,26.6,78.1,9.8,30.4,40.1,21.1,14.4,6.8,4.9,4.7,21.3,21.6,-7.3
231,2007-08,25,New York Knicks,82,23,59,.280,96.9,36.2,82.4,43.9,6.0,17.7,33.7,18.6,25.5,72.7,12.5,30.0,42.5,18.7,14.5,6.4,2.6,5.2,21.5,20.3,-6.6
232,2007-08,27,Memphis Grizzlies,82,22,60,.268,100.7,37.3,82.2,45.4,7.6,21.7,34.9,18.5,25.6,72.3,10.3,31.3,41.6,19.2,15.3,6.1,4.7,4.9,19.4,22.5,-6.2
233,2007-08,27,Minnesota Timberwolves,82,22,60,.268,95.6,37.5,83.1,45.1,5.4,15.4,35.0,15.2,20.6,73.6,11.8,29.6,41.4,19.9,14.5,7.5,3.7,5.7,23.0,17.5,-6.8
234,2007-08,29,Seattle SuperSonics,82,20,62,.244,97.5,38.1,85.8,44.4,3.8,11.5,33.3,17.5,22.8,77.0,11.8,32.8,44.6,21.3,16.0,6.5,4.9,5.4,20.5,19.6,-8.8
235,2007-08,30,Miami Heat,82,15,67,.183,91.4,34.2,77.3,44.3,6.0,16.7,35.8,16.9,23.2,72.7,9.1,28.6,37.6,20.0,14.7,7.2,4.3,4.2,20.4,20.1,-8.6
236,2009-10,1,Cleveland Cavaliers,82,61,21,.744,102.1,37.8,77.9,48.5,7.3,19.3,38.1,19.1,26.6,72.0,9.6,32.8,42.5,22.4,13.9,6.9,5.2,4.0,19.4,20.8,6.5
237,2009-10,2,Orlando Magic,82,59,23,.720,102.8,36.6,78.0,47.0,10.3,27.3,37.5,19.2,26.5,72.4,9.9,33.4,43.2,19.7,14.1,6.2,5.6,3.5,19.9,22.2,7.5
238,2009-10,3,Los Angeles Lakers,82,57,25,.695,101.7,38.3,83.8,45.7,6.5,19.0,34.1,18.5,24.2,76.5,11.9,32.5,44.3,21.1,13.4,7.5,4.9,4.4,19.4,21.2,4.7
239,2009-10,4,Dallas Mavericks,82,55,27,.671,102.0,38.3,82.4,46.4,6.8,18.3,37.2,18.6,22.8,81.6,10.2,31.5,41.7,23.4,12.9,7.6,5.5,4.1,19.1,20.1,2.7
240,2009-10,5,Phoenix Suns,82,54,28,.659,110.2,40.7,82.8,49.2,8.9,21.6,41.2,19.9,25.8,77.0,11.1,31.9,43.0,23.3,14.8,5.8,5.1,4.5,20.9,21.8,4.9
241,2009-10,6,Atlanta Hawks,82,53,29,.646,101.7,38.8,82.9,46.8,6.4,17.7,36.0,17.7,23.3,75.9,11.8,29.9,41.7,21.8,12.0,7.2,5.0,4.4,19.9,19.3,4.7
242,2009-10,6,Denver Nuggets,82,53,29,.646,106.5,38.1,81.4,46.8,6.6,18.5,35.9,23.6,30.6,77.2,10.8,30.5,41.4,21.0,13.9,8.3,5.1,5.3,22.5,23.7,4.1
243,2009-10,6,Utah Jazz,82,53,29,.646,104.2,39.4,80.2,49.1,5.4,14.7,36.4,20.2,27.2,74.1,10.6,31.6,42.2,26.7,15.2,8.2,4.9,5.4,22.7,22.2,5.3
244,2009-10,9,Boston Celtics,82,50,32,.610,99.2,37.1,76.8,48.3,6.1,17.5,34.8,19.0,25.5,74.6,8.7,29.9,38.6,23.5,14.9,8.5,4.9,4.7,22.1,21.7,3.7
245,2009-10,9,Oklahoma City Thunder,82,50,32,.610,101.5,37.4,80.8,46.2,5.1,15.0,34.0,21.7,27.0,80.5,11.7,31.8,43.5,20.0,15.0,8.0,5.9,4.7,21.3,21.4,3.5
246,2009-10,9,Portland Trail Blazers,82,50,32,.610,98.1,36.3,78.7,46.1,6.0,16.9,35.4,19.6,24.8,79.0,11.1,29.1,40.2,20.4,12.3,6.4,4.3,4.1,20.9,21.5,3.3
247,2009-10,9,San Antonio Spurs,82,50,32,.610,101.4,38.4,81.2,47.3,6.8,18.9,35.8,17.8,24.0,74.0,10.8,32.0,42.8,22.3,13.6,6.3,4.6,5.1,20.4,20.4,5.1
248,2009-10,13,Miami Heat,82,47,35,.573,96.5,36.4,79.5,45.8,6.0,17.4,34.6,17.7,23.5,75.2,10.7,31.1,41.8,18.9,13.2,7.4,5.6,4.3,20.9,20.0,2.3
249,2009-10,14,Milwaukee Bucks,82,46,36,.561,97.7,37.2,85.3,43.6,7.9,22.1,35.6,15.4,20.4,75.5,11.8,31.2,43.0,21.2,13.2,7.1,4.7,5.1,22.2,20.3,1.7
250,2009-10,15,Charlotte Bobcats,82,44,38,.537,95.3,34.9,76.9,45.3,5.6,16.2,34.6,20.0,26.6,75.1,10.5,30.4,40.8,20.2,15.7,7.7,5.4,6.1,19.5,22.0,1.5
251,2009-10,16,Houston Rockets,82,42,40,.512,102.4,37.7,84.4,44.7,7.9,22.4,35.1,19.0,24.7,77.2,11.8,30.1,42.0,21.8,14.5,7.1,3.9,6.5,20.9,22.4,-0.4
252,2009-10,17,Chicago Bulls,82,41,41,.500,97.5,37.6,83.2,45.1,4.3,13.0,33.0,18.0,23.9,75.4,11.4,33.1,44.5,20.8,14.3,6.5,5.8,5.3,20.1,20.0,-1.6
253,2009-10,18,Memphis Grizzlies,82,40,42,.488,102.5,39.3,83.8,46.9,4.2,12.4,33.7,19.7,26.9,73.3,13.0,30.4,43.5,18.8,15.2,7.9,4.9,6.1,20.2,22.4,-1.5
254,2009-10,18,Toronto Raptors,82,40,42,.488,104.1,39.0,80.9,48.2,6.3,17.0,37.1,19.7,25.8,76.4,9.8,30.6,40.4,22.0,13.4,5.7,4.7,4.4,22.2,21.1,-1.8
255,2009-10,20,New Orleans Hornets,82,37,45,.451,100.2,38.8,83.4,46.4,7.0,19.2,36.3,15.8,20.3,77.8,10.4,29.9,40.3,22.3,13.5,7.6,3.7,4.5,19.6,19.5,-2.5
256,2009-10,21,Indiana Pacers,82,32,50,.390,100.8,36.8,83.2,44.3,8.0,23.1,34.8,19.1,24.6,77.5,9.6,31.9,41.5,21.1,15.0,7.1,5.4,5.0,22.5,20.8,-3.0
257,2009-10,22,Los Angeles Clippers,82,29,53,.354,95.7,36.6,80.5,45.5,5.9,17.8,33.2,16.6,22.8,73.0,11.3,30.5,41.8,22.1,15.7,6.5,5.7,4.4,19.3,19.4,-6.4
258,2009-10,22,New York Knicks,82,29,53,.354,102.1,38.1,83.9,45.5,9.1,26.2,34.6,16.8,21.5,78.2,10.2,30.2,40.4,21.6,14.0,7.1,3.7,4.5,20.0,19.2,-3.8
259,2009-10,24,Detroit Pistons,82,27,55,.329,94.0,35.9,80.5,44.5,4.6,14.5,31.4,17.7,24.4,72.8,12.8,27.3,40.2,19.4,13.4,7.3,3.8,4.9,22.2,20.8,-5.1
260,2009-10,24,Philadelphia 76ers,82,27,55,.329,97.7,37.6,81.8,46.0,5.8,16.8,34.3,16.7,22.0,75.6,11.5,29.5,41.0,21.0,14.5,8.1,5.4,4.0,20.5,18.7,-3.9
261,2009-10,26,Golden State Warriors,82,26,56,.317,108.8,40.6,86.5,46.9,7.7,20.6,37.5,19.9,25.4,78.2,9.2,29.2,38.4,22.4,14.7,9.3,4.1,5.0,23.0,21.4,-3.6
262,2009-10,26,Washington Wizards,82,26,56,.317,96.2,36.7,81.7,44.9,5.3,14.9,35.3,17.6,23.1,76.2,11.8,30.0,41.8,19.0,14.9,6.0,5.1,5.1,21.4,20.5,-4.8
263,2009-10,28,Sacramento Kings,82,25,57,.305,100.0,38.3,84.1,45.6,5.9,16.9,34.9,17.4,24.0,72.6,11.9,30.7,42.6,20.5,15.0,6.9,4.5,5.7,22.3,20.1,-4.4
264,2009-10,29,Minnesota Timberwolves,82,15,67,.183,98.2,37.9,84.4,44.9,4.9,14.4,34.1,17.5,23.5,74.6,11.7,31.2,42.9,19.8,16.3,7.3,3.7,5.4,20.7,20.6,-9.6
265,2009-10,30,New Jersey Nets,82,12,70,.146,92.4,34.3,79.9,42.9,4.6,14.5,31.8,19.2,24.6,78.0,10.9,28.8,39.7,18.8,14.4,7.0,4.8,5.1,20.0,20.1,-9.1
266,2010-11,1,Chicago Bulls,82,62,20,.756,98.6,37.1,80.3,46.2,6.2,17.3,36.1,18.2,24.5,74.3,11.8,32.4,44.2,22.3,14.2,7.2,5.7,5.8,20.0,20.1,7.3
267,2010-11,2,San Antonio Spurs,82,61,21,.744,103.7,38.4,80.8,47.5,8.4,21.1,39.7,18.5,24.2,76.7,10.1,31.7,41.9,22.4,13.4,7.3,4.5,4.6,19.0,20.7,5.7
268,2010-11,3,Miami Heat,82,58,24,.707,102.1,37.0,76.8,48.1,6.7,18.0,37.0,21.5,27.9,76.9,9.6,32.5,42.1,20.0,13.9,6.6,5.2,3.0,20.4,21.8,7.5
269,2010-11,4,Dallas Mavericks,82,57,25,.695,100.2,37.4,78.8,47.5,7.9,21.6,36.5,17.5,22.6,77.7,9.5,31.9,41.4,23.8,14.0,6.8,4.3,3.7,19.2,20.1,4.2
270,2010-11,4,Los Angeles Lakers,82,57,25,.695,101.5,38.1,82.4,46.3,6.4,18.1,35.2,18.8,24.1,77.9,12.1,31.9,44.0,22.0,13.1,7.3,5.1,4.5,19.0,20.7,6.1
271,2010-11,6,Boston Celtics,82,56,26,.683,96.5,36.9,75.8,48.6,5.0,13.6,36.5,17.8,23.1,77.0,7.8,31.0,38.8,23.4,14.6,8.2,4.2,4.4,20.5,20.2,5.4
272,2010-11,7,Oklahoma City Thunder,82,55,27,.671,104.8,37.4,80.6,46.4,5.9,17.1,34.7,24.1,29.3,82.3,11.0,31.8,42.8,20.4,14.1,8.0,5.9,4.3,22.4,21.5,3.8
273,2010-11,8,Orlando Magic,82,52,30,.634,99.2,36.0,78.2,46.1,9.4,25.6,36.6,17.7,25.6,69.2,10.5,32.7,43.2,20.0,14.9,6.7,4.7,3.8,20.0,21.8,5.5
274,2010-11,9,Denver Nuggets,82,50,32,.610,107.5,38.4,80.6,47.6,8.1,20.8,38.8,22.7,29.6,76.5,9.6,32.3,42.0,22.1,14.1,7.4,4.3,6.0,21.0,22.7,4.8
275,2010-11,10,Portland Trail Blazers,82,48,34,.585,96.3,36.0,80.5,44.7,6.3,18.3,34.5,18.0,22.4,80.4,12.1,27.2,39.3,21.2,13.0,8.0,4.4,4.1,19.3,21.3,1.5
276,2010-11,11,Memphis Grizzlies,82,46,36,.561,99.9,39.0,82.9,47.1,3.8,11.3,33.4,18.1,24.2,75.0,11.8,29.2,41.0,20.6,14.0,9.4,5.4,6.2,20.8,21.4,2.3
277,2010-11,11,New Orleans Hornets,82,46,36,.561,94.9,35.9,78.2,45.9,5.4,15.0,36.0,17.7,23.1,76.5,10.0,30.1,40.1,20.6,13.0,7.6,4.4,4.8,21.0,20.4,0.9
278,2010-11,13,Atlanta Hawks,82,44,38,.537,95.0,36.2,78.4,46.2,6.1,17.4,35.2,16.4,21.1,77.9,9.3,30.0,39.3,22.0,13.6,6.1,4.2,4.2,19.0,18.5,-0.8
279,2010-11,14,Houston Rockets,82,43,39,.524,105.9,38.7,85.1,45.4,8.3,22.5,36.7,20.3,25.4,80.1,11.7,31.1,42.8,23.8,13.5,7.1,4.5,5.5,20.0,21.4,2.2
280,2010-11,15,New York Knicks,82,42,40,.512,106.5,38.3,83.7,45.7,9.3,25.4,36.8,20.6,25.5,80.9,10.3,30.1,40.5,21.4,13.7,7.6,5.8,4.4,21.3,20.8,0.8
281,2010-11,16,Philadelphia 76ers,82,41,41,.500,99.0,38.1,82.6,46.1,5.4,15.2,35.5,17.4,22.6,77.0,10.4,31.4,41.8,22.7,13.0,7.6,4.3,4.6,19.4,18.8,1.5
282,2010-11,17,Phoenix Suns,82,40,42,.488,105.0,39.3,83.5,47.0,8.5,22.6,37.7,18.0,23.6,75.9,10.0,30.2,40.2,23.7,14.3,6.6,4.4,4.3,20.3,21.2,-0.9
283,2010-11,18,Utah Jazz,82,39,43,.476,99.4,37.4,80.4,46.5,5.3,15.3,34.6,19.4,25.1,77.1,11.0,28.5,39.5,23.4,14.3,7.7,5.9,5.0,22.7,22.0,-1.8
284,2010-11,19,Indiana Pacers,82,37,45,.451,99.8,36.6,82.8,44.2,7.1,20.2,35.4,19.4,24.8,78.2,11.1,32.4,43.5,19.6,15.4,7.1,5.6,5.7,21.7,21.4,-1.1
285,2010-11,20,Golden State Warriors,82,36,46,.439,103.4,39.6,85.9,46.1,8.4,21.3,39.2,15.7,20.7,76.1,11.6,28.9,40.5,22.5,14.6,9.0,5.0,4.3,22.0,18.4,-2.3
286,2010-11,21,Milwaukee Bucks,82,35,47,.427,91.9,34.3,79.8,43.0,5.9,17.2,34.2,17.4,22.9,75.7,10.5,30.2,40.8,18.8,13.5,7.5,4.9,4.8,20.5,20.7,-0.8
287,2010-11,22,Charlotte Bobcats,82,34,48,.415,93.3,35.0,77.6,45.1,4.8,14.7,32.7,18.4,24.4,75.6,10.3,29.8,40.1,21.1,14.5,6.4,5.3,6.0,20.0,21.1,-4.0
288,2010-11,23,Los Angeles Clippers,82,32,50,.390,98.6,36.8,80.4,45.7,6.3,18.5,33.8,18.9,26.7,70.7,11.6,30.5,42.1,22.1,16.4,7.1,4.9,4.9,21.1,22.1,-3.1
289,2010-11,24,Detroit Pistons,82,30,52,.366,97.0,37.3,81.1,46.0,5.8,15.3,37.6,16.7,22.6,73.7,11.4,27.3,38.6,21.1,13.0,7.3,4.0,4.6,19.9,18.8,-3.6
290,2010-11,25,New Jersey Nets,82,24,58,.293,94.2,35.6,81.0,44.0,5.6,16.3,34.3,17.4,22.9,75.9,11.1,29.8,40.8,21.0,14.0,5.6,4.7,4.6,22.0,20.0,-6.2
291,2010-11,25,Sacramento Kings,82,24,58,.293,99.4,38.2,85.1,44.9,5.2,15.6,33.5,17.7,24.2,73.4,13.1,30.8,43.9,20.4,16.1,7.4,4.8,5.7,22.0,21.0,-5.3
292,2010-11,27,Washington Wizards,82,23,59,.280,97.3,37.2,84.0,44.3,4.8,14.4,33.2,18.2,24.4,74.5,12.4,29.0,41.3,19.4,15.3,8.1,6.1,5.0,22.6,20.3,-7.4
293,2010-11,28,Toronto Raptors,82,22,60,.268,99.1,38.3,82.4,46.5,4.2,13.3,31.6,18.2,24.1,75.5,11.7,28.6,40.3,21.9,14.7,7.1,4.3,5.6,22.0,19.8,-6.3
294,2010-11,29,Cleveland Cavaliers,82,19,63,.232,95.5,35.2,81.1,43.4,6.2,18.2,34.2,18.9,25.3,74.5,10.4,29.9,40.3,21.0,14.2,6.6,4.2,6.0,20.1,21.3,-9.0
295,2010-11,30,Minnesota Timberwolves,82,17,65,.207,101.1,37.7,85.5,44.1,7.2,19.1,37.6,18.5,24.1,76.8,13.2,31.2,44.4,20.1,17.0,7.2,5.1,5.5,22.3,20.9,-6.6
296,2011-12,1,Chicago Bulls,66,50,16,.758,96.3,37.4,82.8,45.2,6.3,16.9,37.5,15.2,21.1,72.2,13.9,32.8,46.7,23.1,14.0,6.9,5.9,5.2,17.3,17.7,8.2
297,2011-12,1,San Antonio Spurs,66,50,16,.758,103.7,39.6,82.8,47.8,8.4,21.3,39.3,16.2,21.6,74.8,10.3,32.6,43.0,23.2,13.6,7.4,4.4,5.0,17.3,18.8,7.2
298,2011-12,3,Oklahoma City Thunder,66,47,19,.712,103.1,37.3,79.2,47.1,7.2,20.0,35.8,21.3,26.4,80.6,11.0,32.7,43.7,18.5,16.3,7.5,8.2,4.9,20.5,20.0,6.1
299,2011-12,4,Miami Heat,66,46,20,.697,98.5,37.1,79.0,46.9,5.6,15.6,35.9,18.8,24.2,77.5,10.4,31.2,41.6,20.0,15.2,8.9,5.4,4.2,19.4,20.5,6.0
300,2011-12,5,Indiana Pacers,66,42,24,.636,97.7,35.7,81.4,43.8,5.9,16.1,36.8,20.4,26.1,78.2,12.5,31.4,43.9,18.6,14.0,7.9,5.4,6.0,21.7,21.6,3.3
301,2011-12,6,Los Angeles Lakers,66,41,25,.621,97.3,36.8,80.6,45.7,5.5,16.8,32.6,18.2,24.1,75.6,12.1,34.1,46.2,22.5,15.1,5.9,5.3,4.6,16.8,20.2,1.4
302,2011-12,6,Memphis Grizzlies,66,41,25,.621,95.0,36.7,82.2,44.7,4.2,12.9,32.6,17.3,22.8,75.9,12.6,29.5,42.0,19.5,14.5,9.6,5.2,5.5,19.9,19.3,2.0
303,2011-12,8,Atlanta Hawks,66,40,26,.606,96.6,36.8,81.0,45.4,7.5,20.2,37.0,15.5,21.0,74.0,9.9,31.3,41.2,22.4,14.0,8.1,4.6,4.7,17.8,19.1,3.4
304,2011-12,8,Los Angeles Clippers,66,40,26,.606,97.5,37.0,81.3,45.5,7.8,21.8,35.7,15.8,23.3,68.0,12.1,29.4,41.6,21.0,13.3,8.4,4.8,4.5,21.2,21.2,2.6
305,2011-12,10,Boston Celtics,66,39,27,.591,91.8,35.5,77.1,46.0,5.5,15.0,36.7,15.4,19.8,77.8,7.7,31.1,38.8,23.6,14.8,7.5,5.5,4.6,19.9,18.4,2.5
306,2011-12,11,Denver Nuggets,66,38,28,.576,104.1,39.0,81.9,47.6,6.6,19.9,33.2,19.6,26.7,73.5,11.2,31.9,43.1,24.0,15.4,8.2,5.0,6.7,19.7,22.0,2.9
307,2011-12,12,Orlando Magic,66,37,29,.561,94.2,34.5,78.2,44.1,10.2,27.0,37.5,15.1,22.8,66.0,11.2,31.2,42.5,20.0,14.9,6.8,4.2,4.1,17.7,19.8,0.8
308,2011-12,13,Dallas Mavericks,66,36,30,.545,95.8,36.3,82.0,44.3,7.5,22.2,33.9,15.6,20.2,77.1,10.1,32.7,42.8,20.9,14.0,8.6,5.1,4.0,18.6,18.4,1.0
309,2011-12,13,New York Knicks,66,36,30,.545,97.8,35.8,80.8,44.3,7.8,23.3,33.6,18.3,24.8,74.1,11.3,30.5,41.7,20.1,16.0,9.4,4.2,5.1,21.1,21.8,3.2
310,2011-12,13,Utah Jazz,66,36,30,.545,99.7,38.2,83.8,45.6,4.1,12.8,32.3,19.1,25.3,75.4,13.0,31.1,44.2,21.8,14.2,8.3,5.8,5.7,21.8,20.7,0.6
311,2011-12,16,Philadelphia 76ers,66,35,31,.530,93.6,37.4,83.6,44.8,5.3,14.6,36.2,13.5,18.2,74.2,10.7,32.5,43.2,22.0,11.2,8.0,5.2,4.8,17.5,16.2,4.2
312,2011-12,17,Houston Rockets,66,34,32,.515,98.1,37.7,84.0,44.9,7.2,20.2,35.9,15.4,19.7,78.2,11.7,30.5,42.2,21.3,14.5,7.5,4.8,5.2,20.4,18.4,0.2
313,2011-12,18,Phoenix Suns,66,33,33,.500,98.4,37.8,82.5,45.8,6.7,19.6,34.3,16.0,21.2,75.7,10.9,30.8,41.7,22.5,14.1,6.5,5.5,4.4,18.7,19.6,-0.2
314,2011-12,19,Milwaukee Bucks,66,31,35,.470,99.0,37.9,85.6,44.3,6.6,19.2,34.5,16.6,21.4,77.4,12.4,30.0,42.5,23.5,14.1,8.3,5.1,4.5,19.3,19.4,0.3
315,2011-12,20,Portland Trail Blazers,66,28,38,.424,97.2,36.4,82.1,44.3,7.2,20.9,34.6,17.2,21.6,79.6,11.1,29.5,40.7,20.4,14.2,8.0,4.9,4.8,19.0,19.8,-0.6
316,2011-12,21,Minnesota Timberwolves,66,26,40,.394,97.9,35.7,82.3,43.3,7.2,21.6,33.2,19.4,25.2,77.1,12.1,31.7,43.7,19.5,15.2,6.6,4.4,5.7,18.4,21.7,-2.2
317,2011-12,22,Detroit Pistons,66,25,41,.379,90.9,34.7,79.3,43.8,4.8,13.9,34.6,16.6,22.1,75.2,11.7,28.5,40.3,18.7,15.7,7.0,4.2,5.3,19.6,19.4,-4.8
318,2011-12,23,Golden State Warriors,66,23,43,.348,97.8,37.7,82.5,45.7,7.9,20.5,38.8,14.4,18.7,77.0,9.7,29.5,39.2,22.3,13.9,8.0,5.5,5.0,21.4,16.6,-3.4
319,2011-12,23,Toronto Raptors,66,23,43,.348,90.7,34.4,78.1,44.0,5.5,16.3,34.0,16.4,21.4,77.0,10.6,31.4,42.0,20.9,15.2,6.5,4.9,4.9,23.2,18.4,-3.3
320,2011-12,25,New Jersey Nets,66,22,44,.333,93.1,34.3,80.6,42.5,7.7,22.4,34.2,16.9,21.7,77.7,11.9,28.5,40.3,19.9,15.1,7.5,3.9,5.0,19.2,19.3,-6.0
321,2011-12,25,Sacramento Kings,66,22,44,.333,98.8,37.7,86.5,43.6,6.2,19.7,31.6,17.1,23.2,73.6,13.4,29.5,42.9,19.3,14.4,8.5,4.9,6.4,19.5,19.9,-5.7
322,2011-12,27,Cleveland Cavaliers,66,21,45,.318,93.0,34.3,81.2,42.2,6.7,19.3,34.6,17.8,24.9,71.6,12.7,29.5,42.3,19.8,15.4,7.1,4.0,6.2,20.0,20.9,-7.2
323,2011-12,27,New Orleans Hornets,66,21,45,.318,89.6,34.8,77.3,45.1,3.9,11.8,33.3,16.0,21.2,75.7,11.0,30.2,41.1,20.7,15.5,7.4,4.8,5.8,20.1,18.7,-3.8
324,2011-12,29,Washington Wizards,66,20,46,.303,93.6,36.6,83.0,44.1,5.2,16.3,32.0,15.3,21.0,72.7,11.7,29.9,41.7,19.1,15.3,8.0,6.3,4.5,21.3,18.7,-4.8
325,2011-12,30,Charlotte Bobcats,66,7,59,.106,87.0,33.2,80.2,41.4,4.0,13.5,29.5,16.5,22.2,74.5,10.3,28.7,39.0,20.1,14.5,6.0,5.5,5.7,18.9,20.3,-13.9
326,2012-13,1,Miami Heat,82,66,16,.805,102.9,38.4,77.4,49.6,8.7,22.1,39.6,17.4,23.0,75.4,8.2,30.4,38.6,23.0,13.9,8.7,5.4,3.2,18.7,20.4,7.9
327,2012-13,2,Oklahoma City Thunder,82,60,22,.732,105.7,38.1,79.3,48.1,7.3,19.4,37.7,22.2,26.8,82.8,10.4,33.2,43.6,21.4,15.3,8.3,7.6,3.9,20.2,20.7,9.2
328,2012-13,3,San Antonio Spurs,82,58,24,.707,103.0,39.1,81.4,48.1,8.1,21.5,37.6,16.6,21.0,79.1,8.1,33.2,41.3,25.1,14.7,8.5,5.4,4.9,17.4,19.1,6.4
329,2012-13,4,Denver Nuggets,82,57,25,.695,106.1,40.7,85.2,47.8,6.4,18.5,34.3,18.4,26.2,70.1,13.3,31.7,45.0,24.4,15.3,9.3,6.5,6.8,20.5,21.6,5.1
330,2012-13,5,Los Angeles Clippers,82,56,26,.683,101.1,38.5,80.6,47.8,7.6,21.4,35.8,16.4,23.0,71.1,11.4,30.2,41.6,23.9,14.6,9.6,5.6,4.1,20.9,20.9,6.5
331,2012-13,5,Memphis Grizzlies,82,56,26,.683,93.4,36.1,81.5,44.4,4.7,13.5,34.5,16.5,21.3,77.3,12.9,29.8,42.7,20.9,14.0,8.6,5.3,5.5,20.2,20.0,4.1
332,2012-13,7,New York Knicks,82,54,28,.659,100.0,36.5,81.6,44.8,10.9,28.9,37.6,16.0,21.1,75.9,10.9,29.7,40.6,19.3,12.0,8.2,3.6,4.0,20.1,19.2,4.2
333,2012-13,8,Indiana Pacers,81,49,32,.605,94.7,35.1,80.6,43.6,6.9,19.7,34.7,17.6,23.6,74.6,12.9,33.0,45.9,20.3,15.1,7.2,6.3,5.7,20.0,21.9,4.0
334,2012-13,9,Brooklyn Nets,82,49,33,.598,96.9,35.9,79.8,45.0,7.7,21.5,35.7,17.5,23.9,73.1,12.8,30.0,42.8,20.3,14.7,7.3,4.8,4.8,18.3,21.4,1.8
335,2012-13,10,Golden State Warriors,82,47,35,.573,101.2,38.2,83.4,45.8,8.0,19.9,40.3,16.8,21.3,79.0,10.8,34.2,45.0,22.5,15.1,6.9,4.2,4.9,21.4,19.2,0.9
336,2012-13,11,Chicago Bulls,82,45,37,.549,93.2,35.7,81.7,43.7,5.4,15.4,35.3,16.4,21.2,77.3,12.5,30.7,43.2,23.0,14.3,7.2,5.1,5.8,19.7,19.6,0.3
337,2012-13,11,Houston Rockets,82,45,37,.549,106.0,38.1,82.7,46.1,10.6,28.9,36.6,19.2,25.5,75.4,11.1,32.3,43.4,23.2,16.4,8.3,4.4,6.1,20.3,20.4,3.5
338,2012-13,11,Los Angeles Lakers,82,45,37,.549,102.2,37.1,81.0,45.8,8.7,24.6,35.5,19.3,27.9,69.2,11.5,33.3,44.8,22.2,15.0,7.0,5.2,4.8,17.9,23.1,1.2
339,2012-13,14,Atlanta Hawks,82,44,38,.537,98.0,37.6,81.0,46.4,8.6,23.2,37.1,14.1,19.7,71.5,9.2,31.6,40.9,24.5,14.9,8.1,4.5,4.3,18.0,18.8,0.4
340,2012-13,15,Utah Jazz,82,43,39,.524,98.0,37.1,81.8,45.4,6.2,16.9,36.6,17.5,23.0,76.4,12.1,30.0,42.0,22.7,14.8,8.4,6.3,5.9,21.3,20.4,-0.1
341,2012-13,16,Boston Celtics,81,41,40,.506,96.5,37.0,79.7,46.5,6.1,17.2,35.8,16.3,21.0,77.6,8.1,31.3,39.3,22.8,14.6,8.2,4.5,4.7,21.2,19.4,-0.2
342,2012-13,17,Dallas Mavericks,82,41,41,.500,101.1,38.8,84.0,46.2,7.4,19.9,37.2,16.1,20.4,79.3,9.4,32.6,41.9,23.2,14.0,7.9,5.5,4.1,20.7,18.9,-0.6
343,2012-13,18,Milwaukee Bucks,82,38,44,.463,98.9,38.1,87.8,43.5,7.3,20.4,36.0,15.3,20.7,73.6,13.0,30.9,44.0,22.9,14.1,8.4,6.7,4.4,19.0,19.1,-1.5
344,2012-13,19,Philadelphia 76ers,82,34,48,.415,93.2,37.3,84.1,44.4,6.3,17.5,36.0,12.2,16.8,72.9,10.9,30.4,41.3,22.8,13.0,7.4,4.7,4.8,18.4,16.2,-3.3
345,2012-13,19,Toronto Raptors,82,34,48,.415,97.2,36.3,81.5,44.6,7.0,20.3,34.3,17.6,22.3,78.8,10.6,29.6,40.2,21.5,13.7,7.3,4.8,4.7,22.4,20.1,-1.5
346,2012-13,21,Portland Trail Blazers,82,33,49,.402,97.5,36.7,81.9,44.8,8.2,23.2,35.3,15.9,20.5,77.6,10.7,30.2,40.8,21.8,14.7,6.6,4.3,4.4,18.5,18.7,-3.2
347,2012-13,22,Minnesota Timberwolves,82,31,51,.378,95.7,35.9,81.7,43.9,5.5,18.0,30.5,18.5,24.9,74.2,11.9,30.2,42.0,22.4,14.8,8.5,4.7,5.9,18.4,22.5,-2.4
348,2012-13,23,Detroit Pistons,82,29,53,.354,94.9,36.3,81.0,44.9,6.3,17.6,35.6,15.9,22.8,69.9,12.1,30.0,42.1,21.2,15.1,7.0,4.9,5.8,19.8,19.9,-4.0
349,2012-13,23,Washington Wizards,82,29,53,.354,93.2,35.5,81.6,43.5,6.6,18.2,36.5,15.6,21.3,73.3,10.8,32.3,43.2,21.6,15.1,7.3,4.6,4.4,20.5,19.1,-2.5
350,2012-13,25,Sacramento Kings,82,28,54,.341,100.2,37.6,84.2,44.7,7.4,20.5,36.3,17.5,22.8,76.9,11.5,29.1,40.6,20.8,14.6,8.2,4.2,6.3,20.9,20.0,-4.9
351,2012-13,26,New Orleans Hornets,82,27,55,.329,94.1,36.0,80.4,44.8,6.5,18.0,36.3,15.5,20.0,77.6,12.0,29.6,41.6,21.0,14.5,6.3,5.4,6.0,20.4,18.7,-3.9
352,2012-13,27,Phoenix Suns,82,25,57,.305,95.2,37.3,84.4,44.3,5.9,17.7,33.0,14.7,19.7,74.4,11.7,29.9,41.6,22.6,15.6,8.0,5.3,5.1,20.6,18.4,-6.5
353,2012-13,28,Cleveland Cavaliers,82,24,58,.293,96.5,36.5,84.2,43.4,6.7,19.3,34.6,16.8,22.3,75.6,12.2,28.8,41.0,20.7,14.0,7.9,4.1,6.8,21.2,19.7,-4.7
354,2012-13,29,Charlotte Bobcats,82,21,61,.256,93.4,34.4,81.1,42.5,5.7,17.1,33.5,18.9,25.1,75.0,11.2,29.1,40.3,19.4,14.1,7.2,5.8,6.9,19.0,21.3,-9.2
355,2012-13,30,Orlando Magic,82,20,62,.244,94.1,37.7,84.2,44.8,6.2,18.7,32.9,12.5,16.6,75.5,10.9,31.9,42.7,22.8,14.5,6.4,4.4,5.2,19.4,16.5,-7.0
356,2013-14,1,San Antonio Spurs,82,62,20,.756,105.4,40.6,83.5,48.6,8.5,21.4,39.7,15.7,20.0,78.5,9.3,34.0,43.3,25.2,14.4,7.4,5.1,4.6,18.2,19.3,7.7
357,2013-14,2,Oklahoma City Thunder,82,59,23,.720,106.2,39.0,82.7,47.1,8.1,22.4,36.1,20.2,25.0,80.6,10.8,33.9,44.7,21.9,15.3,8.3,6.1,3.6,22.7,20.4,6.3
358,2013-14,3,Los Angeles Clippers,82,57,25,.695,107.9,39.1,82.5,47.4,8.5,24.0,35.2,21.2,29.1,73.0,10.5,32.5,43.0,24.6,13.9,8.6,4.8,3.5,21.5,23.4,7.0
359,2013-14,4,Indiana Pacers,82,56,26,.683,96.7,36.0,80.2,44.9,6.7,18.8,35.7,18.1,23.3,77.9,10.2,34.5,44.7,20.1,15.1,6.7,5.4,4.6,20.4,21.9,4.4
360,2013-14,5,Houston Rockets,82,54,28,.659,107.7,38.0,80.5,47.2,9.5,26.6,35.8,22.1,31.1,71.2,11.2,34.1,45.3,21.4,16.1,7.6,5.6,5.6,20.4,24.3,4.6
361,2013-14,5,Miami Heat,82,54,28,.659,102.2,38.3,76.5,50.1,8.1,22.3,36.4,17.5,23.0,76.0,7.6,29.2,36.9,22.5,14.8,8.9,4.5,3.1,19.5,20.4,4.8
362,2013-14,5,Portland Trail Blazers,82,54,28,.659,106.7,39.1,87.0,45.0,9.4,25.3,37.2,19.1,23.5,81.5,12.5,34.0,46.4,23.2,13.7,5.5,4.7,3.7,19.2,20.7,4.0
363,2013-14,8,Golden State Warriors,82,51,31,.622,104.3,39.5,85.4,46.2,9.4,24.8,38.0,15.9,21.1,75.3,10.9,34.4,45.3,23.3,15.2,7.8,5.0,4.2,21.8,19.3,4.8
364,2013-14,9,Memphis Grizzlies,82,50,32,.610,96.1,38.1,82.0,46.4,4.9,14.0,35.3,15.1,20.3,74.1,11.6,30.8,42.4,21.9,13.7,7.7,4.6,5.0,19.1,18.9,1.6
365,2013-14,10,Dallas Mavericks,82,49,33,.598,104.8,39.6,83.6,47.4,8.8,22.9,38.4,16.8,21.1,79.5,10.2,30.7,40.9,23.6,13.5,8.6,4.3,3.5,20.0,19.9,2.4
366,2013-14,11,Chicago Bulls,82,48,34,.585,93.7,34.7,80.2,43.2,6.2,17.8,34.8,18.1,23.3,77.9,11.4,32.7,44.1,22.7,14.9,7.2,5.2,6.0,19.1,20.9,1.9
367,2013-14,11,Phoenix Suns,82,48,34,.585,105.2,38.7,83.5,46.3,9.3,25.1,37.2,18.5,24.4,75.8,11.3,31.7,43.0,19.1,15.3,8.4,4.6,4.0,21.9,21.3,2.6
368,2013-14,11,Toronto Raptors,82,48,34,.585,101.3,36.5,81.9,44.5,8.7,23.4,37.2,19.6,25.1,78.2,11.4,31.1,42.5,21.2,14.1,7.0,4.2,4.3,23.0,22.1,3.2
369,2013-14,14,Brooklyn Nets,82,44,38,.537,98.5,35.7,77.9,45.9,8.6,23.4,36.9,18.4,24.4,75.3,8.8,29.4,38.1,20.9,14.5,8.6,3.8,4.1,21.7,20.8,-1.0
370,2013-14,14,Washington Wizards,82,44,38,.537,100.7,38.7,84.4,45.9,7.9,20.8,38.0,15.3,20.9,73.1,10.8,31.4,42.2,23.3,14.7,8.1,4.6,3.9,20.4,19.5,1.3
371,2013-14,16,Charlotte Bobcats,82,43,39,.524,96.9,36.3,82.1,44.2,6.3,17.9,35.1,18.0,24.4,73.7,9.5,33.2,42.7,21.7,12.3,6.1,5.1,5.1,18.2,20.9,-0.2
372,2013-14,17,Minnesota Timberwolves,82,40,42,.488,106.9,38.9,87.5,44.4,7.3,21.4,34.1,21.8,28.1,77.8,12.5,32.2,44.7,23.9,13.9,8.8,3.6,5.6,18.3,23.6,2.7
373,2013-14,18,Atlanta Hawks,82,38,44,.463,101.0,37.3,81.6,45.8,9.4,25.8,36.3,17.0,21.7,78.1,8.7,31.3,40.0,24.9,15.3,8.3,4.0,4.3,19.2,20.0,-0.5
374,2013-14,19,New York Knicks,82,37,45,.451,98.6,36.9,82.2,44.9,9.3,24.9,37.2,15.5,20.4,76.1,10.6,29.7,40.3,20.0,13.0,7.7,4.5,3.4,22.1,19.6,-0.8
375,2013-14,20,Denver Nuggets,82,36,46,.439,104.4,38.4,85.9,44.7,8.6,23.9,35.8,19.1,26.3,72.6,12.3,33.1,45.4,22.4,15.9,7.5,5.6,5.6,23.0,21.7,-2.1
376,2013-14,21,New Orleans Pelicans,82,34,48,.415,99.7,37.8,82.5,45.9,5.9,15.9,37.3,18.2,23.6,76.9,11.4,30.3,41.7,21.3,13.8,7.9,6.4,6.1,22.6,20.3,-2.7
377,2013-14,22,Cleveland Cavaliers,82,33,49,.402,98.2,37.0,84.8,43.7,7.1,20.0,35.6,17.0,22.7,75.1,12.1,32.1,44.1,21.2,14.2,7.1,3.7,5.6,20.0,19.5,-3.3
378,2013-14,23,Detroit Pistons,82,29,53,.354,101.0,38.8,86.9,44.7,6.2,19.3,32.1,17.3,25.7,67.0,14.6,30.8,45.4,20.9,14.5,8.4,4.8,4.9,20.3,20.7,-3.7
379,2013-14,24,Sacramento Kings,82,28,54,.341,100.5,36.9,82.5,44.7,6.0,18.0,33.3,20.7,27.3,75.9,12.1,32.4,44.5,18.9,15.2,7.2,3.9,5.6,22.5,23.1,-2.9
380,2013-14,25,Los Angeles Lakers,82,27,55,.329,103.0,38.3,85.1,45.0,9.4,24.8,38.1,17.0,22.4,75.7,9.1,32.0,41.0,24.5,15.1,7.5,5.4,4.7,19.8,19.3,-6.3
381,2013-14,26,Boston Celtics,82,25,57,.305,96.2,36.5,83.9,43.5,7.0,21.1,33.3,16.2,20.8,77.7,12.0,30.5,42.5,21.0,15.4,7.1,4.2,4.5,21.3,19.1,-4.5
382,2013-14,26,Utah Jazz,82,25,57,.305,95.0,36.0,81.1,44.4,6.6,19.2,34.4,16.4,22.0,74.7,11.0,30.2,41.2,20.3,14.6,7.0,4.5,4.9,20.7,20.4,-7.2
383,2013-14,28,Orlando Magic,82,23,59,.280,96.5,36.9,82.7,44.5,6.9,19.5,35.3,15.9,20.9,76.3,9.7,32.4,42.0,21.0,14.9,7.7,4.3,5.4,20.5,18.3,-5.4
384,2013-14,29,Philadelphia 76ers,82,19,63,.232,99.5,37.9,87.2,43.5,7.0,22.5,31.2,16.6,23.4,71.0,11.6,31.2,42.7,21.8,16.9,9.3,4.0,6.8,22.5,20.6,-10.5
385,2013-14,30,Milwaukee Bucks,82,15,67,.183,95.5,36.0,82.2,43.8,6.7,18.9,35.3,16.8,22.5,74.7,11.8,29.3,41.1,21.5,15.1,6.6,4.9,5.0,20.9,20.6,-8.2
386,2015-16,1,Golden State Warriors,82,73,9,.890,114.9,42.5,87.3,48.7,13.1,31.6,41.6,16.7,21.8,76.3,10.0,36.2,46.2,28.9,15.2,8.4,6.1,4.1,20.7,19.8,10.8
387,2015-16,2,San Antonio Spurs,82,67,15,.817,103.5,40.1,82.9,48.4,7.0,18.5,37.5,16.4,20.4,80.3,9.4,34.5,43.9,24.5,13.1,8.3,5.9,3.9,17.5,19.5,10.6
388,2015-16,3,Cleveland Cavaliers,82,57,25,.695,104.3,38.7,84.0,46.0,10.7,29.6,36.2,16.3,21.7,74.8,10.6,33.9,44.5,22.7,13.6,6.7,3.9,4.4,20.3,20.6,6.0
389,2015-16,4,Toronto Raptors,82,56,26,.683,102.7,36.7,81.3,45.1,8.6,23.4,37.0,20.8,26.7,77.7,10.2,33.2,43.4,18.7,13.1,7.8,5.5,5.4,19.6,22.0,4.5
390,2015-16,5,Oklahoma City Thunder,82,55,27,.671,110.2,41.1,86.4,47.6,8.3,23.7,34.9,19.7,25.2,78.2,13.1,35.6,48.6,23.0,15.9,7.4,5.9,4.5,20.6,20.2,7.3
391,2015-16,6,LA Clippers,82,53,29,.646,104.5,38.3,82.4,46.5,9.7,26.7,36.4,18.2,26.2,69.2,8.8,33.3,42.0,22.8,13.0,8.6,5.6,3.2,21.3,22.5,4.3
392,2015-16,7,Atlanta Hawks,82,48,34,.585,102.8,38.6,84.4,45.8,9.9,28.4,35.0,15.6,20.0,78.3,8.3,33.8,42.1,25.6,15.0,9.1,5.9,5.0,19.1,18.3,3.6
393,2015-16,7,Boston Celtics,82,48,34,.585,105.7,39.2,89.2,43.9,8.7,26.1,33.5,18.5,23.5,78.8,11.6,33.3,44.9,24.2,13.7,9.2,4.2,5.5,21.9,21.0,3.2
394,2015-16,7,Charlotte Hornets,82,48,34,.585,103.4,37.0,84.4,43.9,10.6,29.4,36.2,18.7,23.7,79.0,9.0,35.0,43.9,21.7,12.5,7.3,5.3,5.5,18.1,20.4,2.7
395,2015-16,7,Miami Heat,82,48,34,.585,100.0,38.4,81.7,47.0,6.1,18.0,33.6,17.1,23.0,74.4,9.8,34.3,44.1,20.8,14.1,6.7,6.5,4.1,18.3,19.6,1.6
396,2015-16,11,Indiana Pacers,82,45,37,.549,102.2,38.3,85.2,45.0,8.1,23.0,35.1,17.4,22.8,76.4,10.3,33.9,44.2,21.2,14.9,9.0,4.8,4.5,20.0,20.4,1.7
397,2015-16,12,Detroit Pistons,82,44,38,.537,102.0,37.9,86.4,43.9,9.0,26.2,34.5,17.1,25.5,66.8,12.5,33.9,46.3,19.4,13.5,7.0,3.7,4.5,19.0,21.6,0.6
398,2015-16,12,Portland Trail Blazers,82,44,38,.537,105.1,38.6,85.9,45.0,10.5,28.5,37.0,17.4,23.0,75.4,11.6,33.9,45.5,21.3,14.6,6.9,4.6,5.2,21.7,19.5,0.8
399,2015-16,14,Chicago Bulls,82,42,40,.512,101.6,38.6,87.4,44.1,7.9,21.4,37.1,16.5,21.0,78.7,11.1,35.2,46.3,22.8,13.9,6.0,5.7,5.7,18.8,18.7,-1.5
400,2015-16,14,Dallas Mavericks,82,42,40,.512,102.3,37.4,84.1,44.4,9.8,28.6,34.4,17.7,22.3,79.4,9.2,33.9,43.1,22.1,12.8,6.8,3.7,4.4,19.5,21.4,-0.3
401,2015-16,14,Memphis Grizzlies,82,42,40,.512,99.1,36.8,83.6,44.0,6.1,18.5,33.1,19.3,24.7,78.3,11.2,30.5,41.6,20.7,13.3,8.8,4.3,5.7,21.7,21.1,-2.2
402,2015-16,17,Houston Rockets,82,41,41,.500,106.5,37.7,83.5,45.2,10.7,30.9,34.7,20.4,29.4,69.4,11.3,31.7,43.1,22.2,15.9,10.0,5.2,4.9,21.8,22.5,0.2
403,2015-16,17,Washington Wizards,82,41,41,.500,104.1,39.5,85.8,46.0,8.6,24.2,35.8,16.5,22.5,73.0,9.1,32.8,41.8,24.5,14.5,8.6,3.9,4.3,20.8,20.1,-0.5
404,2015-16,19,Utah Jazz,82,40,42,.488,97.7,36.1,80.4,44.9,8.5,23.9,35.5,17.1,23.0,74.4,10.7,32.5,43.2,19.0,14.9,7.7,5.2,4.7,20.2,19.9,1.8
405,2015-16,20,Orlando Magic,82,35,47,.427,102.1,39.5,86.8,45.5,7.8,22.2,35.0,15.2,20.1,75.7,10.3,33.0,43.3,23.6,14.1,8.2,5.1,5.5,20.7,18.3,-1.6
406,2015-16,21,Denver Nuggets,82,33,49,.402,101.9,37.7,85.4,44.2,8.0,23.7,33.8,18.5,24.1,76.6,11.5,33.1,44.6,22.7,14.7,7.4,4.8,6.3,21.0,20.9,-3.1
407,2015-16,21,Milwaukee Bucks,82,33,49,.402,99.0,38.4,82.2,46.7,5.4,15.6,34.5,17.0,22.7,74.7,10.5,31.2,41.7,23.1,15.2,8.2,5.8,5.6,20.7,19.5,-4.2
408,2015-16,21,Sacramento Kings,82,33,49,.402,106.6,40.0,86.4,46.4,8.0,22.4,35.9,18.5,25.5,72.5,10.6,33.7,44.2,24.5,16.2,8.9,4.5,5.3,20.4,22.0,-2.5
409,2015-16,24,New York Knicks,82,32,50,.390,98.4,36.9,84.0,43.9,7.4,21.5,34.6,17.2,21.4,80.5,10.4,34.0,44.4,20.5,13.4,5.7,5.7,4.2,19.7,18.5,-2.7
410,2015-16,25,New Orleans Pelicans,82,30,52,.366,102.7,38.5,85.9,44.8,8.6,23.8,36.0,17.3,22.2,77.6,9.5,33.1,42.6,22.2,13.4,7.7,4.2,5.2,20.9,19.9,-3.8
411,2015-16,26,Minnesota Timberwolves,82,29,53,.354,102.4,37.7,81.3,46.4,5.5,16.4,33.8,21.4,27.0,79.2,10.0,31.5,41.6,23.4,15.0,8.0,4.6,5.2,20.7,21.6,-3.5
412,2015-16,27,Phoenix Suns,82,23,59,.280,100.9,37.2,85.6,43.5,9.0,25.8,34.8,17.5,23.2,75.1,11.5,33.3,44.8,20.7,17.2,7.7,3.8,5.5,22.7,21.6,-6.7
413,2015-16,28,Brooklyn Nets,82,21,61,.256,98.6,38.2,84.4,45.3,6.5,18.4,35.2,15.7,20.7,75.7,10.5,31.9,42.4,22.3,14.8,7.6,4.0,5.2,18.0,18.4,-7.4
414,2015-16,29,Los Angeles Lakers,82,17,65,.207,97.3,35.1,84.8,41.4,7.8,24.6,31.7,19.3,24.7,78.1,10.7,32.3,43.0,18.0,13.7,7.2,4.1,5.6,20.3,19.2,-9.6
415,2015-16,30,Philadelphia 76ers,82,10,72,.122,97.4,36.2,84.0,43.1,9.3,27.5,33.9,15.7,22.6,69.4,9.5,31.8,41.2,21.5,16.4,8.3,6.0,5.7,21.7,19.2,-10.2
416,2016-17,1,Golden State Warriors,82,67,15,.817,115.9,43.1,87.1,49.5,12.0,31.2,38.3,17.8,22.6,78.8,9.4,35.0,44.4,30.4,14.8,9.6,6.8,3.8,19.3,19.4,11.6
417,2016-17,2,San Antonio Spurs,82,61,21,.744,105.3,39.3,83.7,46.9,9.2,23.5,39.1,17.6,22.0,79.7,10.0,33.9,43.9,23.8,13.4,8.0,5.9,4.1,18.3,19.8,7.2
418,2016-17,3,Houston Rockets,82,55,27,.671,115.3,40.3,87.2,46.2,14.4,40.3,35.7,20.3,26.5,76.6,10.9,33.5,44.4,25.2,15.1,8.2,4.3,5.0,19.9,20.4,5.8
419,2016-17,4,Boston Celtics,82,53,29,.646,108.0,38.6,85.1,45.4,12.0,33.4,35.9,18.7,23.2,80.7,9.1,32.9,42.0,25.2,13.3,7.5,4.1,5.2,20.6,20.3,2.6
420,2016-17,5,Cleveland Cavaliers,82,51,31,.622,110.3,39.9,84.9,47.0,13.0,33.9,38.4,17.5,23.3,74.8,9.3,34.4,43.7,22.7,13.7,6.6,4.0,4.3,18.1,20.6,3.2
421,2016-17,5,LA Clippers,82,51,31,.622,108.7,39.5,83.2,47.5,10.3,27.4,37.5,19.3,26.0,74.5,9.0,34.0,43.0,22.5,13.0,7.5,4.2,3.1,19.8,22.4,4.3
422,2016-17,5,Toronto Raptors,82,51,31,.622,106.9,39.2,84.4,46.4,8.8,24.3,36.3,19.7,24.7,79.6,10.6,32.6,43.3,18.5,12.7,8.3,4.9,4.8,20.8,20.3,4.2
423,2016-17,5,Utah Jazz,82,51,31,.622,100.7,37.0,79.5,46.6,9.6,26.0,37.2,17.1,22.9,74.7,9.4,33.8,43.2,20.1,13.6,6.7,5.0,3.8,18.8,20.2,3.9
424,2016-17,9,Washington Wizards,82,49,33,.598,109.2,41.3,87.0,47.5,9.2,24.8,37.2,17.3,22.1,78.4,10.3,32.6,42.9,23.9,14.2,8.5,4.1,4.6,21.3,19.8,1.8
425,2016-17,10,Oklahoma City Thunder,82,47,35,.573,106.6,39.5,87.4,45.2,8.4,25.8,32.7,19.2,25.8,74.5,12.2,34.4,46.6,21.0,15.0,7.9,5.0,5.5,20.9,20.7,0.8
426,2016-17,11,Atlanta Hawks,82,43,39,.524,103.2,38.1,84.4,45.1,8.9,26.1,34.1,18.1,24.9,72.8,10.3,34.1,44.3,23.6,15.8,8.2,4.8,5.2,18.2,21.6,-0.9
427,2016-17,11,Memphis Grizzlies,82,43,39,.524,100.5,36.4,83.6,43.5,9.4,26.5,35.4,18.3,23.4,78.4,10.8,32.0,42.8,21.3,12.9,8.0,4.2,5.0,22.4,20.8,0.5
428,2016-17,13,Indiana Pacers,82,42,40,.512,105.1,39.3,84.5,46.5,8.6,23.0,37.6,17.9,22.1,81.0,9.0,33.0,42.0,22.5,13.8,8.2,5.0,5.0,19.5,19.5,-0.2
429,2016-17,13,Milwaukee Bucks,82,42,40,.512,103.6,38.8,81.9,47.4,8.8,23.7,37.0,17.2,22.4,76.8,8.8,31.6,40.4,24.2,14.0,8.1,5.3,4.6,20.2,19.3,-0.2
430,2016-17,15,Chicago Bulls,82,41,41,.500,102.9,38.6,87.1,44.4,7.6,22.3,34.0,18.0,22.5,79.8,12.2,34.1,46.3,22.6,13.6,7.8,4.8,4.6,17.7,18.8,0.4
431,2016-17,15,Miami Heat,82,41,41,.500,103.2,39.0,85.8,45.5,9.9,27.0,36.5,15.2,21.6,70.6,10.6,33.0,43.6,21.2,13.4,7.2,5.7,4.9,20.5,18.7,1.1
432,2016-17,15,Portland Trail Blazers,82,41,41,.500,107.9,39.5,86.1,45.9,10.4,27.7,37.5,18.5,23.7,78.0,10.1,33.5,43.7,21.1,13.7,7.0,5.0,5.3,21.2,19.8,-0.5
433,2016-17,18,Denver Nuggets,82,40,42,.488,111.7,41.2,87.7,46.9,10.6,28.8,36.8,18.7,24.2,77.4,11.8,34.6,46.4,25.3,15.0,6.9,3.9,4.9,19.1,20.2,0.5
434,2016-17,19,Detroit Pistons,82,37,45,.451,101.3,39.9,88.8,44.9,7.7,23.4,33.0,13.9,19.3,71.9,11.1,34.6,45.7,21.1,11.9,7.0,3.8,4.1,17.9,17.5,-1.1
435,2016-17,20,Charlotte Hornets,82,36,46,.439,104.9,37.7,85.4,44.2,10.0,28.6,35.1,19.4,23.8,81.5,8.8,34.8,43.6,23.1,11.5,7.0,4.8,5.5,16.6,19.9,0.2
436,2016-17,21,New Orleans Pelicans,82,34,48,.415,104.3,39.1,87.0,45.0,9.4,26.8,35.0,16.7,22.3,75.0,8.6,35.1,43.7,22.8,12.9,7.8,5.5,4.2,18.2,19.3,-2.1
437,2016-17,22,Dallas Mavericks,82,33,49,.402,97.9,36.2,82.3,44.0,10.7,30.2,35.5,14.8,18.5,80.1,7.9,30.7,38.6,20.8,11.9,7.5,3.7,3.4,19.1,19.4,-2.9
438,2016-17,23,Sacramento Kings,82,32,50,.390,102.8,37.9,82.1,46.1,9.0,23.9,37.6,18.1,23.3,77.5,8.7,32.3,41.1,22.5,14.6,7.6,4.0,5.1,20.3,20.1,-3.9
439,2016-17,24,Minnesota Timberwolves,82,31,51,.378,105.6,39.5,84.4,46.7,7.3,21.0,34.9,19.3,24.2,79.9,11.4,31.0,42.4,23.7,14.0,8.0,4.5,5.0,20.1,20.5,-1.1
440,2016-17,24,New York Knicks,82,31,51,.378,104.3,39.6,88.5,44.7,8.6,24.7,34.8,16.6,21.1,78.8,12.0,33.2,45.2,21.8,13.9,7.1,5.5,4.6,20.3,18.5,-3.7
441,2016-17,26,Orlando Magic,82,29,53,.354,101.1,38.3,87.0,44.0,8.5,26.1,32.8,16.0,21.4,74.7,9.8,33.3,43.2,22.2,13.3,7.1,4.8,5.1,19.3,18.7,-6.6
442,2016-17,27,Philadelphia 76ers,82,28,54,.341,102.4,37.7,85.3,44.2,10.1,29.8,34.0,17.0,22.0,77.1,9.8,33.0,42.8,23.8,16.7,8.4,5.1,5.4,21.9,19.6,-5.7
443,2016-17,28,Los Angeles Lakers,82,26,56,.317,104.6,39.3,87.4,45.0,8.9,25.7,34.6,17.0,22.6,75.4,11.4,32.1,43.5,20.9,15.2,8.2,3.9,5.4,20.7,18.5,-6.9
444,2016-17,29,Phoenix Suns,82,24,58,.293,107.7,39.9,88.5,45.0,7.5,22.6,33.2,20.4,26.3,77.6,11.9,33.1,45.0,19.6,15.4,8.2,4.9,5.3,24.8,22.2,-5.6
445,2016-17,30,Brooklyn Nets,82,20,62,.244,105.8,37.8,85.2,44.4,10.7,31.6,33.8,19.4,24.6,78.8,8.8,35.1,43.9,21.4,16.5,7.2,4.7,5.6,21.0,20.4,-6.7
446,2017-18,1,Houston Rockets,82,65,17,.793,112.4,38.7,84.2,46.0,15.3,42.3,36.2,19.6,25.1,78.1,9.0,34.5,43.5,21.5,13.8,8.5,4.8,4.4,19.5,20.4,8.5
447,2017-18,2,Toronto Raptors,82,59,23,.720,111.7,41.3,87.4,47.2,11.8,33.0,35.8,17.3,21.8,79.4,9.8,34.2,44.0,24.3,13.4,7.6,6.1,4.9,21.7,19.9,7.8
448,2017-18,3,Golden State Warriors,82,58,24,.707,113.5,42.8,85.1,50.3,11.3,28.9,39.1,16.6,20.3,81.5,8.4,35.1,43.5,29.3,15.4,8.0,7.5,3.7,19.6,18.5,6.0
449,2017-18,4,Boston Celtics,82,55,27,.671,104.0,38.3,85.1,45.0,11.5,30.4,37.7,16.0,20.7,77.1,9.4,35.1,44.5,22.5,14.0,7.4,4.5,4.4,19.7,19.2,3.6
450,2017-18,5,Philadelphia 76ers,82,52,30,.634,109.8,40.8,86.6,47.2,11.0,29.8,36.9,17.1,22.8,75.2,10.9,36.5,47.4,27.1,16.5,8.3,5.1,5.1,22.1,20.4,4.5
451,2017-18,6,Cleveland Cavaliers,82,50,32,.610,110.9,40.4,84.8,47.6,12.0,32.1,37.2,18.1,23.3,77.9,8.5,33.7,42.1,23.4,13.7,7.1,3.8,4.1,18.6,20.7,0.9
452,2017-18,7,Portland Trail Blazers,82,49,33,.598,105.6,39.3,87.0,45.2,10.3,28.1,36.6,16.7,20.9,80.0,10.2,35.3,45.5,19.5,13.5,7.0,5.2,5.1,19.5,19.1,2.6
453,2017-18,8,Indiana Pacers,82,48,34,.585,105.6,40.8,86.4,47.2,9.0,24.5,36.9,14.9,19.2,77.9,9.6,32.7,42.3,22.2,13.3,8.8,4.1,5.2,18.8,18.5,1.4
454,2017-18,8,New Orleans Pelicans,82,48,34,.585,111.7,42.7,88.3,48.3,10.2,28.2,36.2,16.1,20.9,77.2,8.7,35.6,44.3,26.8,14.9,8.0,5.9,4.2,19.1,20.4,1.3
455,2017-18,8,Oklahoma City Thunder,82,48,34,.585,107.9,39.9,88.1,45.3,10.7,30.4,35.4,17.3,24.2,71.6,12.5,32.6,45.1,21.3,14.0,9.1,5.0,4.6,20.2,21.3,3.4
456,2017-18,8,Utah Jazz,82,48,34,.585,104.1,38.3,82.9,46.2,10.8,29.6,36.6,16.8,21.5,77.9,9.0,34.2,43.3,22.4,14.7,8.6,5.1,4.6,19.6,20.5,4.3
457,2017-18,12,Minnesota Timberwolves,82,47,35,.573,109.5,41.0,86.1,47.6,8.0,22.5,35.7,19.4,24.1,80.4,10.3,31.6,42.0,22.7,12.5,8.4,4.2,4.7,18.2,20.9,2.2
458,2017-18,12,San Antonio Spurs,82,47,35,.573,102.7,39.0,85.4,45.7,8.5,24.1,35.2,16.1,20.9,77.2,10.4,33.9,44.2,22.8,13.1,7.7,5.6,3.9,17.2,19.7,2.9
459,2017-18,14,Denver Nuggets,82,46,36,.561,110.0,40.7,86.6,47.0,11.5,30.9,37.1,17.1,22.3,76.7,11.0,33.5,44.5,25.1,15.0,7.6,4.9,4.8,18.7,20.7,1.5
460,2017-18,15,Miami Heat,82,44,38,.537,103.4,38.8,85.3,45.5,11.0,30.6,36.0,14.7,19.5,75.5,9.3,34.2,43.5,22.7,14.4,7.6,5.3,4.6,20.1,19.4,0.5
461,2017-18,15,Milwaukee Bucks,82,44,38,.537,106.5,39.7,83.0,47.8,8.8,24.7,35.5,18.3,23.4,78.3,8.4,31.5,39.8,23.2,13.8,8.8,5.4,4.5,21.4,19.9,-0.3
462,2017-18,17,Washington Wizards,82,43,39,.524,106.6,39.9,85.6,46.7,9.9,26.5,37.5,16.8,21.8,77.2,10.0,33.1,43.1,25.2,14.6,7.9,4.3,4.7,21.3,20.0,0.6
463,2017-18,18,LA Clippers,82,42,40,.512,109.0,40.3,85.4,47.1,9.5,26.8,35.4,19.0,25.5,74.3,10.1,33.7,43.9,22.3,14.7,7.7,4.5,5.6,20.0,22.0,0.0
464,2017-18,19,Detroit Pistons,82,39,43,.476,103.8,39.1,86.9,45.0,10.8,28.9,37.3,14.7,19.8,74.5,10.1,33.6,43.7,22.8,13.4,7.7,3.9,4.9,18.4,18.4,-0.1
465,2017-18,20,Charlotte Hornets,82,36,46,.439,108.2,39.0,86.7,45.0,10.0,27.2,36.9,20.2,27.0,74.7,10.1,35.4,45.5,21.6,12.7,6.8,4.5,4.9,17.2,22.4,0.3
466,2017-18,21,Los Angeles Lakers,82,35,47,.427,108.1,40.7,88.4,46.1,10.0,29.1,34.5,16.6,23.3,71.4,10.7,35.7,46.4,23.8,15.8,7.7,4.7,5.5,21.2,20.5,-1.5
467,2017-18,22,New York Knicks,82,29,53,.354,104.5,40.7,87.7,46.4,8.2,23.3,35.2,14.9,19.0,78.7,10.5,33.6,44.0,23.3,14.7,6.7,5.1,4.7,20.5,18.4,-3.6
468,2017-18,23,Brooklyn Nets,82,28,54,.341,106.6,38.2,86.8,44.1,12.7,35.7,35.6,17.4,22.6,77.2,9.7,34.8,44.4,23.7,15.2,6.2,4.8,5.5,20.6,19.7,-3.7
469,2017-18,24,Chicago Bulls,82,27,55,.329,102.9,38.7,88.8,43.5,11.0,31.1,35.5,14.6,19.2,75.9,9.6,35.0,44.7,23.5,14.0,7.6,3.5,5.2,19.2,17.4,-7.0
470,2017-18,24,Sacramento Kings,82,27,55,.329,98.8,38.8,86.1,45.0,9.0,24.0,37.5,12.3,16.7,73.5,9.5,31.4,40.9,21.6,13.7,7.8,4.1,4.7,20.0,17.3,-7.0
471,2017-18,26,Orlando Magic,82,25,57,.305,103.4,38.8,85.9,45.2,10.3,29.3,35.1,15.5,20.5,75.7,8.8,32.8,41.6,23.4,14.5,7.6,4.9,4.9,19.3,19.0,-4.8
472,2017-18,27,Atlanta Hawks,82,24,58,.293,103.4,38.2,85.5,44.6,11.2,31.0,36.0,15.8,20.2,78.5,9.1,32.8,41.9,23.7,15.5,7.8,4.2,5.5,19.6,20.3,-5.5
473,2017-18,27,Dallas Mavericks,82,24,58,.293,102.3,38.1,85.9,44.4,11.8,32.8,36.0,14.2,18.7,76.3,8.1,33.1,41.3,22.7,12.3,7.0,3.8,4.5,19.2,19.6,-3.0
474,2017-18,29,Memphis Grizzlies,82,22,60,.268,99.3,36.7,82.8,44.4,9.2,26.2,35.2,16.6,21.1,78.6,9.5,31.0,40.5,21.5,15.0,7.5,4.8,5.1,23.2,20.4,-6.2
475,2017-18,30,Phoenix Suns,82,21,61,.256,103.9,38.5,87.1,44.2,9.3,27.9,33.4,17.7,23.9,74.1,10.3,33.9,44.1,21.3,15.7,6.9,4.5,6.0,22.0,20.9,-9.4
